Workbook

Sheet راهنما
A1: سطح تحصیلات ساکنان محلات تهران — نسخه ۲ (برآورد کوچک‌ناحیه‌ای)
A3: تعداد محلات | B3: =COUNTA(محلات!C2:C350) -> 349
A4: جمعیت کل | B4: =SUM(محلات!D2:D350) -> 8627281
A5: تعداد برآوردی دانش‌آموختگان دانشگاهی | B5: =SUM(محلات!J2:J350) -> 1540308
A6: سهم وزنی دانش‌آموختگان در شهر ٪ | B6: =B5/B4*100 -> 17.853922
A7: محلات با سطح «بسیار بالا» | B7: =COUNTIF(محلات!Q2:Q350,"بسیار بالا") -> 50
A8: محلات با سطح «بالا» | B8: =COUNTIF(محلات!Q2:Q350,"بالا") -> 68
A9: محلات با سطح «متوسط» | B9: =COUNTIF(محلات!Q2:Q350,"متوسط") -> 92
A10: محلات با سطح «پایین» | B10: =COUNTIF(محلات!Q2:Q350,"پایین") -> 68
A11: محلات با سطح «بسیار پایین» | B11: =COUNTIF(محلات!Q2:Q350,"بسیار پایین") -> 71
A12: محلات دارای داده قیمت (کیفیت A تا C) | B12: =COUNTIF(محلات!X2:X350,"<>D") -> 280
A13: محلات با کیفیت A | B13: =COUNTIF(محلات!X2:X350,"A") -> 254
A14: بیشترین سهم برآوردی محله ٪ | B14: =MAX(محلات!E2:E350) -> 46.93
A15: کمترین سهم برآوردی محله ٪ | B15: =MIN(محلات!E2:E350) -> 2.58
A16: تعداد آگهی معتبر قیمت | B16: 23102
A18: چه چیزی تغییر کرد نسبت به نسخه ۱؟ در نسخه ۱ همه محلات یک منطقه مقدار یکسان داشتند. در این نسخه، با استفاده از قیمت هر متر مسکن در ۳۱۱ محله (۲۳ هزار آگهی)، تفاوت درون هر منطقه برآورد و سپس با رقم رسمی سرشماری همان منطقه کالیبره شده است.
A19: شیت «محلات»: برآورد هر محله، بازه عدم قطعیت، مقایسه با روش قبلی، و درجه کیفیت داده (A بهترین تا D فقط مقدار منطقه).
A20: شیت «مناطق»: کنترل کالیبراسیون (ستون E باید برابر D باشد) و دقت مدل در سطح منطقه.
A21: شیت «مدل و اعتبارسنجی»: ضرایب، R² و خطای اعتبارسنجی حذف‌یک‌منطقه.
A22: شیت‌های «داده قیمت دیوار» و «جدول تطبیق»: داده خام کمکی و نحوه تطبیق نام محلات.
A23: هشدار: ارقام محله‌ای برآوردی‌اند، نه شمارش مستقیم سرشماری.

Sheet محلات
A1: ردیف | B1: منطقه | C1: محله | D1: جمعیت (حدود ۱۳۹۵) | E1: سهم دانش‌آموختگان دانشگاهی از کل جمعیت ٪ (برآورد تعدیل‌شده) | F1: حد پایین بازه ٪ | G1: حد بالای بازه ٪ | H1: مقدار میانگین منطقه ٪ (روش نسخه ۱) | I1: اختلاف با میانگین منطقه (واحد درصد) | J1: تعداد برآوردی دانش‌آموختگان دانشگاهی | K1: مردان دارای تحصیلات دانشگاهی ٪ | L1: زنان دارای تحصیلات دانشگاهی ٪ | M1: باسوادی ۳۰ تا ۵۹ سال ٪ | N1: باسوادی ۶۰ سال و بالاتر ٪ | O1: استفاده از اینترنت ٪ | P1: رتبه در شهر (سهم دانش‌آموختگان) | Q1: سطح تحصیلات | R1: قیمت میانه هر متر (میلیون تومان، دیوار) | S1: انحراف لگاریتم قیمت از میانگین منطقه | T1: تعداد آگهی معتبر | U1: نوع تطبیق | V1: محله(های) دیوار استفاده‌شده | W1: وزن اعتماد به داده محله (۰ تا ۱) | X1: درجه کیفیت داده
A2: 1 | B2: 1 | C2: ولنجک | D2: 26587 | E2: 45.85 | F2: 42.72 | G2: 48.96 | H2: 31.3 | I2: =E2-H2 -> 14.55 | J2: =ROUND(D2*E2/100,0) -> 12190 | K2: 65.38 | L2: 56.8 | M2: 98.56 | N2: 96.64 | O2: 62.76 | P2: =RANK(E2,$E$2:$E$350,0) -> 3 | Q2: =IF(E2>=30,"بسیار بالا",IF(E2>=20,"بالا",IF(E2>=13,"متوسط",IF(E2>=8,"پایین","بسیار پایین")))) -> بسیار بالا | R2: 844.4 | S2: 0.455 | T2: 88 | U2: دقیق (نام یکسان) | V2: ولنجک | W2: 0.99 | X2: A
A3: 2 | B3: 1 | C3: زعفرانیه | D3: 30377 | E3: 45.56 | F3: 42.49 | G3: 48.6 | H3: 31.3 | I3: =E3-H3 -> 14.26 | J3: =ROUND(D3*E3/100,0) -> 13840 | K3: 65.11 | L3: 56.56 | M3: 98.55 | N3: 96.59 | O3: 62.5 | P3: =RANK(E3,$E$2:$E$350,0) -> 4 | Q3: =IF(E3>=30,"بسیار بالا",IF(E3>=20,"بالا",IF(E3>=13,"متوسط",IF(E3>=8,"پایین","بسیار پایین")))) -> بسیار بالا | R3: 831.2 | S3: 0.447 | T3: 87 | U3: دقیق (نام یکسان) | V3: زعفرانیه | W3: 0.98 | X3: A
A4: 3 | B4: 1 | C4: محمودیه | D4: 8763 | E4: 39.73 | F4: 37.98 | G4: 41.45 | H4: 31.3 | I4: =E4-H4 -> 8.43 | J4: =ROUND(D4*E4/100,0) -> 3482 | K4: 59.52 | L4: 51.69 | M4: 98.27 | N4: 95.27 | O4: 57.32 | P4: =RANK(E4,$E$2:$E$350,0) -> 6 | Q4: =IF(E4>=30,"بسیار بالا",IF(E4>=20,"بالا",IF(E4>=13,"متوسط",IF(E4>=8,"پایین","بسیار پایین")))) -> بسیار بالا | R4: 704.4 | S4: 0.28 | T4: 88 | U4: دقیق (نام یکسان) | V4: محمودیه | W4: 0.99 | X4: A
A5: 4 | B5: 1 | C5: باغ فردوس | D5: 17579 | E5: 39.26 | F5: 37.61 | G5: 40.87 | H5: 31.3 | I5: =E5-H5 -> 7.96 | J5: =ROUND(D5*E5/100,0) -> 6902 | K5: 59.05 | L5: 51.29 | M5: 98.25 | N5: 95.14 | O5: 56.88 | P5: =RANK(E5,$E$2:$E$350,0) -> 7 | Q5: =IF(E5>=30,"بسیار بالا",IF(E5>=20,"بالا",IF(E5>=13,"متوسط",IF(E5>=8,"پایین","بسیار پایین")))) -> بسیار بالا | R5: 650 | S5: 0.266 | T5: 13 | U5: دقیق (نام یکسان) | V5: باغ فردوس | W5: 0.87 | X5: B
A6: 5 | B6: 1 | C6: فرمانیه | D6: 22574 | E6: 39.18 | F6: 37.55 | G6: 40.78 | H6: 31.3 | I6: =E6-H6 -> 7.88 | J6: =ROUND(D6*E6/100,0) -> 8844 | K6: 58.97 | L6: 51.22 | M6: 98.25 | N6: 95.12 | O6: 56.81 | P6: =RANK(E6,$E$2:$E$350,0) -> 8 | Q6: =IF(E6>=30,"بسیار بالا",IF(E6>=20,"بالا",IF(E6>=13,"متوسط",IF(E6>=8,"پایین","بسیار پایین")))) -> بسیار بالا | R6: 682.1 | S6: 0.264 | T6: 88 | U6: دقیق (نام یکسان) | V6: فرمانیه | W6: 0.98 | X6: A
A7: 6 | B7: 1 | C7: حصار بوعلی | D7: 13368 | E7: 37.89 | F7: 36.55 | G7: 39.19 | H7: 31.3 | I7: =E7-H7 -> 6.59 | J7: =ROUND(D7*E7/100,0) -> 5065 | K7: 57.64 | L7: 50.1 | M7: 98.17 | N7: 94.74 | O7: 55.59 | P7: =RANK(E7,$E$2:$E$350,0) -> 12 | Q7: =IF(E7>=30,"بسیار بالا",IF(E7>=20,"بالا",IF(E7>=13,"متوسط",IF(E7>=8,"پایین","بسیار پایین")))) -> بسیار بالا | R7: 653.3 | S7: 0.225 | T7: 87 | U7: دقیق (نام یکسان) | V7: حصار بوعلی | W7: 0.99 | X7: A
A8: 7 | B8: 1 | C8: نیاوران | D8: 9791 | E8: 37.42 | F8: 36.19 | G8: 38.61 | H8: 31.3 | I8: =E8-H8 -> 6.12 | J8: =ROUND(D8*E8/100,0) -> 3664 | K8: 57.15 | L8: 49.69 | M8: 98.15 | N8: 94.6 | O8: 55.14 | P8: =RANK(E8,$E$2:$E$350,0) -> 13 | Q8: =IF(E8>=30,"بسیار بالا",IF(E8>=20,"بالا",IF(E8>=13,"متوسط",IF(E8>=8,"پایین","بسیار پایین")))) -> بسیار بالا | R8: 671.2 | S8: 0.211 | T8: 90 | U8: دستی (نام مرکب/معادل) | V8: نیاوران | W8: 0.99 | X8: A
A9: 8 | B9: 1 | C9: جماران | D9: 8373 | E9: 37.31 | F9: 36.1 | G9: 38.48 | H9: 31.3 | I9: =E9-H9 -> 6.01 | J9: =ROUND(D9*E9/100,0) -> 3124 | K9: 57.04 | L9: 49.59 | M9: 98.14 | N9: 94.56 | O9: 55.04 | P9: =RANK(E9,$E$2:$E$350,0) -> 14 | Q9: =IF(E9>=30,"بسیار بالا",IF(E9>=20,"بالا",IF(E9>=13,"متوسط",IF(E9>=8,"پایین","بسیار پایین")))) -> بسیار بالا | R9: 646.9 | S9: 0.208 | T9: 91 | U9: دقیق (نام یکسان) | V9: جماران (نیاوران) | W9: 0.99 | X9: A
A10: 9 | B10: 1 | C10: امامزاده قاسم | D10: 23845 | E10: 37.06 | F10: 35.91 | G10: 38.17 | H10: 31.3 | I10: =E10-H10 -> 5.76 | J10: =ROUND(D10*E10/100,0) -> 8837 | K10: 56.77 | L10: 49.37 | M10: 98.13 | N10: 94.48 | O10: 54.8 | P10: =RANK(E10,$E$2:$E$350,0) -> 17 | Q10: =IF(E10>=30,"بسیار بالا",IF(E10>=20,"بالا",IF(E10>=13,"متوسط",IF(E10>=8,"پایین","بسیار پایین")))) -> بسیار بالا | R10: 636.8 | S10: 0.201 | T10: 86 | U10: دقیق (نام یکسان) | V10: امام زاده قاسم (نیاوران) | W10: 0.98 | X10: A
A11: 10 | B11: 1 | C11: دزاشیب | D11: 15178 | E11: 35.9 | F11: 35 | G11: 36.74 | H11: 31.3 | I11: =E11-H11 -> 4.6 | J11: =ROUND(D11*E11/100,0) -> 5449 | K11: 55.54 | L11: 48.34 | M11: 98.06 | N11: 94.1 | O11: 53.67 | P11: =RANK(E11,$E$2:$E$350,0) -> 19 | Q11: =IF(E11>=30,"بسیار بالا",IF(E11>=20,"بالا",IF(E11>=13,"متوسط",IF(E11>=8,"پایین","بسیار پایین")))) -> بسیار بالا | R11: 608.8 | S11: 0.165 | T11: 88 | U11: دقیق (نام یکسان) | V11: دزاشیب | W11: 0.98 | X11: A
A12: 11 | B12: 1 | C12: کاشانک | D12: 30216 | E12: 33.18 | F12: 32.88 | G12: 33.42 | H12: 31.3 | I12: =E12-H12 -> 1.88 | J12: =ROUND(D12*E12/100,0) -> 10026 | K12: 52.55 | L12: 45.87 | M12: 97.88 | N12: 93.07 | O12: 50.95 | P12: =RANK(E12,$E$2:$E$350,0) -> 32 | Q12: =IF(E12>=30,"بسیار بالا",IF(E12>=20,"بالا",IF(E12>=13,"متوسط",IF(E12>=8,"پایین","بسیار پایین")))) -> بسیار بالا | R12: 595.9 | S12: 0.081 | T12: 90 | U12: دقیق (نام یکسان) | V12: کاشانک | W12: 0.99 | X12: A
A13: 12 | B13: 1 | C13: قیطریه | D13: 24680 | E13: 32.08 | F13: 32.02 | G13: 32.09 | H13: 31.3 | I13: =E13-H13 -> 0.78 | J13: =ROUND(D13*E13/100,0) -> 7917 | K13: 51.31 | L13: 44.86 | M13: 97.8 | N13: 92.59 | O13: 49.82 | P13: =RANK(E13,$E$2:$E$350,0) -> 35 | Q13: =IF(E13>=30,"بسیار بالا",IF(E13>=20,"بالا",IF(E13>=13,"متوسط",IF(E13>=8,"پایین","بسیار پایین")))) -> بسیار بالا | R13: 562.5 | S13: 0.046 | T13: 89 | U13: دقیق (نام یکسان) | V13: قیطریه | W13: 0.99 | X13: A
A14: 13 | B14: 1 | C14: تجریش | D14: 14564 | E14: 30.93 | F14: 30.69 | G14: 31.11 | H14: 31.3 | I14: =E14-H14 -> -0.37 | J14: =ROUND(D14*E14/100,0) -> 4505 | K14: 49.97 | L14: 43.77 | M14: 97.72 | N14: 92.05 | O14: 48.61 | P14: =RANK(E14,$E$2:$E$350,0) -> 45 | Q14: =IF(E14>=30,"بسیار بالا",IF(E14>=20,"بالا",IF(E14>=13,"متوسط",IF(E14>=8,"پایین","بسیار پایین")))) -> بسیار بالا | R14: 546.9 | S14: 0.008 | T14: 82 | U14: دقیق (نام یکسان) | V14: تجریش | W14: 0.98 | X14: A
A15: 14 | B15: 1 | C15: اراج | D15: 16408 | E15: 30.67 | F15: 30.38 | G15: 30.91 | H15: 31.3 | I15: =E15-H15 -> -0.63 | J15: =ROUND(D15*E15/100,0) -> 5032 | K15: 49.67 | L15: 43.53 | M15: 97.7 | N15: 91.92 | O15: 48.34 | P15: =RANK(E15,$E$2:$E$350,0) -> 46 | Q15: =IF(E15>=30,"بسیار بالا",IF(E15>=20,"بالا",IF(E15>=13,"متوسط",IF(E15>=8,"پایین","بسیار پایین")))) -> بسیار بالا | S15: 0 | T15: 0 | U15: بدون تطبیق | V15: — | W15: 0 | X15: D
A16: 15 | B16: 1 | C16: کوهسار | D16: 1088 | E16: 30.67 | F16: 30.38 | G16: 30.91 | H16: 31.3 | I16: =E16-H16 -> -0.63 | J16: =ROUND(D16*E16/100,0) -> 334 | K16: 49.67 | L16: 43.53 | M16: 97.7 | N16: 91.92 | O16: 48.34 | P16: =RANK(E16,$E$2:$E$350,0) -> 46 | Q16: =IF(E16>=30,"بسیار بالا",IF(E16>=20,"بالا",IF(E16>=13,"متوسط",IF(E16>=8,"پایین","بسیار پایین")))) -> بسیار بالا | S16: 0 | T16: 0 | U16: بدون تطبیق | V16: — | W16: 0 | X16: D
A17: 16 | B17: 1 | C17: حکمت | D17: 40434 | E17: 29.46 | F17: 28.92 | G17: 29.95 | H17: 31.3 | I17: =E17-H17 -> -1.84 | J17: =ROUND(D17*E17/100,0) -> 11912 | K17: 48.24 | L17: 42.37 | M17: 97.6 | N17: 91.29 | O17: 47.04 | P17: =RANK(E17,$E$2:$E$350,0) -> 52 | Q17: =IF(E17>=30,"بسیار بالا",IF(E17>=20,"بالا",IF(E17>=13,"متوسط",IF(E17>=8,"پایین","بسیار پایین")))) -> بالا | R17: 520 | S17: -0.04 | T17: 91 | U17: دقیق (نام یکسان) | V17: حکمت | W17: 0.99 | X17: A
A18: 17 | B18: 1 | C18: چیذر | D18: 18995 | E18: 26.84 | F18: 25.81 | G18: 27.86 | H18: 31.3 | I18: =E18-H18 -> -4.46 | J18: =ROUND(D18*E18/100,0) -> 5098 | K18: 45.02 | L18: 39.79 | M18: 97.36 | N18: 89.71 | O18: 44.13 | P18: =RANK(E18,$E$2:$E$350,0) -> 65 | Q18: =IF(E18>=30,"بسیار بالا",IF(E18>=20,"بالا",IF(E18>=13,"متوسط",IF(E18>=8,"پایین","بسیار پایین")))) -> بالا | R18: 470.1 | S18: -0.131 | T18: 78 | U18: دقیق (نام یکسان) | V18: چیذر | W18: 0.99 | X18: A
A19: 18 | B19: 1 | C19: ازگل | D19: 25362 | E19: 25.01 | F19: 23.65 | G19: 26.37 | H19: 31.3 | I19: =E19-H19 -> -6.29 | J19: =ROUND(D19*E19/100,0) -> 6343 | K19: 42.67 | L19: 37.93 | M19: 97.18 | N19: 88.38 | O19: 42.01 | P19: =RANK(E19,$E$2:$E$350,0) -> 75 | Q19: =IF(E19>=30,"بسیار بالا",IF(E19>=20,"بالا",IF(E19>=13,"متوسط",IF(E19>=8,"پایین","بسیار پایین")))) -> بالا | R19: 397.4 | S19: -0.198 | T19: 86 | U19: دقیق (نام یکسان) | V19: ازگل | W19: 0.99 | X19: A
A20: 19 | B20: 1 | C20: اوین | D20: 8226 | E20: 24.66 | F20: 23.24 | G20: 26.08 | H20: 31.3 | I20: =E20-H20 -> -6.64 | J20: =ROUND(D20*E20/100,0) -> 2029 | K20: 42.21 | L20: 37.56 | M20: 97.14 | N20: 88.1 | O20: 41.59 | P20: =RANK(E20,$E$2:$E$350,0) -> 81 | Q20: =IF(E20>=30,"بسیار بالا",IF(E20>=20,"بالا",IF(E20>=13,"متوسط",IF(E20>=8,"پایین","بسیار پایین")))) -> بالا | R20: 412.5 | S20: -0.211 | T20: 50 | U20: دقیق (نام یکسان) | V20: اوین | W20: 0.96 | X20: A
A21: 20 | B21: 1 | C21: دربند | D21: 11282 | E21: 24.29 | F21: 22.81 | G21: 25.78 | H21: 31.3 | I21: =E21-H21 -> -7.01 | J21: =ROUND(D21*E21/100,0) -> 2740 | K21: 41.72 | L21: 37.18 | M21: 97.1 | N21: 87.8 | O21: 41.15 | P21: =RANK(E21,$E$2:$E$350,0) -> 85 | Q21: =IF(E21>=30,"بسیار بالا",IF(E21>=20,"بالا",IF(E21>=13,"متوسط",IF(E21>=8,"پایین","بسیار پایین")))) -> بالا | R21: 423.5 | S21: -0.225 | T21: 46 | U21: دقیق (نام یکسان) | V21: دربند | W21: 0.96 | X21: A
A22: 21 | B22: 1 | C22: دانشگاه - گلها | D22: 3048 | E22: 24.14 | F22: 22.63 | G22: 25.66 | H22: 31.3 | I22: =E22-H22 -> -7.16 | J22: =ROUND(D22*E22/100,0) -> 736 | K22: 41.52 | L22: 37.02 | M22: 97.08 | N22: 87.67 | O22: 40.97 | P22: =RANK(E22,$E$2:$E$350,0) -> 87 | Q22: =IF(E22>=30,"بسیار بالا",IF(E22>=20,"بالا",IF(E22>=13,"متوسط",IF(E22>=8,"پایین","بسیار پایین")))) -> بالا | R22: 428.2 | S22: -0.231 | T22: 29 | U22: دستی (نام مرکب/معادل) | V22: شهرک گلها | W22: 0.95 | X22: B
A23: 22 | B23: 1 | C23: درکه | D23: 6719 | E23: 23.53 | F23: 21.93 | G23: 25.16 | H23: 31.3 | I23: =E23-H23 -> -7.77 | J23: =ROUND(D23*E23/100,0) -> 1581 | K23: 40.71 | L23: 36.38 | M23: 97.01 | N23: 87.14 | O23: 40.24 | P23: =RANK(E23,$E$2:$E$350,0) -> 89 | Q23: =IF(E23>=30,"بسیار بالا",IF(E23>=20,"بالا",IF(E23>=13,"متوسط",IF(E23>=8,"پایین","بسیار پایین")))) -> بالا | R23: 394.8 | S23: -0.255 | T23: 50 | U23: دقیق (نام یکسان) | V23: درکه | W23: 0.97 | X23: A
A24: 23 | B24: 1 | C24: شهرک نفت | D24: 24137 | E24: 22.6 | F24: 20.86 | G24: 24.39 | H24: 31.3 | I24: =E24-H24 -> -8.7 | J24: =ROUND(D24*E24/100,0) -> 5455 | K24: 39.46 | L24: 35.39 | M24: 96.89 | N24: 86.28 | O24: 39.11 | P24: =RANK(E24,$E$2:$E$350,0) -> 95 | Q24: =IF(E24>=30,"بسیار بالا",IF(E24>=20,"بالا",IF(E24>=13,"متوسط",IF(E24>=8,"پایین","بسیار پایین")))) -> بالا | R24: 423.1 | S24: -0.291 | T24: 80 | U24: دستی (نام مرکب/معادل) | V24: مینی‌سیتی (شهرک نفت) | W24: 0.99 | X24: A
A25: 24 | B25: 1 | C25: دارآباد | D25: 15236 | E25: 22.6 | F25: 20.86 | G25: 24.39 | H25: 31.3 | I25: =E25-H25 -> -8.7 | J25: =ROUND(D25*E25/100,0) -> 3443 | K25: 39.45 | L25: 35.39 | M25: 96.89 | N25: 86.28 | O25: 39.1 | P25: =RANK(E25,$E$2:$E$350,0) -> 95 | Q25: =IF(E25>=30,"بسیار بالا",IF(E25>=20,"بالا",IF(E25>=13,"متوسط",IF(E25>=8,"پایین","بسیار پایین")))) -> بالا | R25: 376.5 | S25: -0.291 | T25: 81 | U25: دقیق (نام یکسان) | V25: دارآباد | W25: 0.99 | X25: A
A26: 25 | B26: 1 | C26: سوهانک | D26: 22829 | E26: 22.19 | F26: 20.4 | G26: 24.05 | H26: 31.3 | I26: =E26-H26 -> -9.11 | J26: =ROUND(D26*E26/100,0) -> 5066 | K26: 38.9 | L26: 34.95 | M26: 96.84 | N26: 85.88 | O26: 38.6 | P26: =RANK(E26,$E$2:$E$350,0) -> 97 | Q26: =IF(E26>=30,"بسیار بالا",IF(E26>=20,"بالا",IF(E26>=13,"متوسط",IF(E26>=8,"پایین","بسیار پایین")))) -> بالا | R26: 375.2 | S26: -0.308 | T26: 89 | U26: دقیق (نام یکسان) | V26: سوهانک | W26: 0.99 | X26: A
A27: 26 | B27: 1 | C27: شهرک محلاتی | D27: 32186 | E27: 19.91 | F27: 17.82 | G27: 22.13 | H27: 31.3 | I27: =E27-H27 -> -11.39 | J27: =ROUND(D27*E27/100,0) -> 6408 | K27: 35.68 | L27: 32.42 | M27: 96.51 | N27: 83.33 | O27: 35.69 | P27: =RANK(E27,$E$2:$E$350,0) -> 119 | Q27: =IF(E27>=30,"بسیار بالا",IF(E27>=20,"بالا",IF(E27>=13,"متوسط",IF(E27>=8,"پایین","بسیار پایین")))) -> متوسط | R27: 343.9 | S27: -0.404 | T27: 56 | U27: دقیق (نام یکسان) | V27: شهرک محلاتی | W27: 0.99 | X27: A
A28: 27 | B28: 1 | C28: گلابدره | D28: 14224 | E28: 14.88 | F28: 12.4 | G28: 17.73 | H28: 31.3 | I28: =E28-H28 -> -16.42 | J28: =ROUND(D28*E28/100,0) -> 2117 | K28: 28.08 | L28: 26.43 | M28: 95.52 | N28: 75.16 | O28: 28.75 | P28: =RANK(E28,$E$2:$E$350,0) -> 187 | Q28: =IF(E28>=30,"بسیار بالا",IF(E28>=20,"بالا",IF(E28>=13,"متوسط",IF(E28>=8,"پایین","بسیار پایین")))) -> متوسط | R28: 260 | S28: -0.651 | T28: 17 | U28: دقیق (نام یکسان) | V28: گلاب دره | W28: 0.75 | X28: B
... A37: 36 | B37: 2 | C37: مرزداران شرقی | D37: 42043 | E37: 31.45 | F37: 31.26 | G37: 31.6 | H37: 31.7 | I37: =E37-H37 -> -0.25 | J37: =ROUND(D37*E37/100,0) -> 13223 | K37: 48.91 | L37: 45.79 | M37: 95.99 | N37: 89.98 | O37: 45.49 | P37: =RANK(E37,$E$2:$E$350,0) -> 38 | Q37: =IF(E37>=30,"بسیار بالا",IF(E37>=20,"بالا",IF(E37>=13,"متوسط",IF(E37>=8,"پایین","بسیار پایین")))) -> بسیار بالا | R37: 405.9 | S37: 0.01 | T37: 89 | U37: دستی (نام مرکب/معادل) | V37: مرزداران | W37: 0.99 | X37: A
A38: 37 | B38: 2 | C38: سپهر | D38: 33619 | E38: 31.13 | F38: 30.87 | G38: 31.35 | H38: 31.7 | I38: =E38-H38 -> -0.57 | J38: =ROUND(D38*E38/100,0) -> 10466 | K38: 48.53 | L38: 45.49 | M38: 95.94 | N38: 89.78 | O38: 45.15 | P38: =RANK(E38,$E$2:$E$350,0) -> 41 | Q38: =IF(E38>=30,"بسیار بالا",IF(E38>=20,"بالا",IF(E38>=13,"متوسط",IF(E38>=8,"پایین","بسیار پایین")))) -> بسیار بالا | S38: 0 | T38: 0 | U38: بدون تطبیق | V38: — | W38: 0 | X38: D
A39: 38 | B39: 2 | C39: شهرک قدس | D39: 29776 | E39: 31.13 | F39: 30.87 | G39: 31.35 | H39: 31.7 | I39: =E39-H39 -> -0.57 | J39: =ROUND(D39*E39/100,0) -> 9269 | K39: 48.53 | L39: 45.49 | M39: 95.94 | N39: 89.78 | O39: 45.15 | P39: =RANK(E39,$E$2:$E$350,0) -> 41 | Q39: =IF(E39>=30,"بسیار بالا",IF(E39>=20,"بالا",IF(E39>=13,"متوسط",IF(E39>=8,"پایین","بسیار پایین")))) -> بسیار بالا | S39: 0 | T39: 0 | U39: بدون تطبیق | V39: — | W39: 0 | X39: D
A40: 39 | B40: 2 | C40: تیموری | D40: 17555 | E40: 31.13 | F40: 30.87 | G40: 31.35 | H40: 31.7 | I40: =E40-H40 -> -0.57 | J40: =ROUND(D40*E40/100,0) -> 5465 | K40: 48.53 | L40: 45.49 | M40: 95.94 | N40: 89.78 | O40: 45.15 | P40: =RANK(E40,$E$2:$E$350,0) -> 41 | Q40: =IF(E40>=30,"بسیار بالا",IF(E40>=20,"بالا",IF(E40>=13,"متوسط",IF(E40>=8,"پایین","بسیار پایین")))) -> بسیار بالا | S40: 0 | T40: 0 | U40: بدون تطبیق | V40: — | W40: 0 | X40: D
A41: 40 | B41: 2 | C41: پونک | D41: 25981 | E41: 29.23 | F41: 28.58 | G41: 29.83 | H41: 31.7 | I41: =E41-H41 -> -2.47 | J41: =ROUND(D41*E41/100,0) -> 7594 | K41: 46.28 | L41: 43.65 | M41: 95.68 | N41: 88.54 | O41: 43.13 | P41: =RANK(E41,$E$2:$E$350,0) -> 54 | Q41: =IF(E41>=30,"بسیار بالا",IF(E41>=20,"بالا",IF(E41>=13,"متوسط",IF(E41>=8,"پایین","بسیار پایین")))) -> بالا | R41: 379.7 | S41: -0.063 | T41: 90 | U41: دقیق (نام یکسان) | V41: پونک | W41: 0.99 | X41: A
A42: 41 | B42: 2 | C42: پرواز | D42: 13348 | E42: 26.55 | F42: 25.4 | G42: 27.69 | H42: 31.7 | I42: =E42-H42 -> -5.15 | J42: =ROUND(D42*E42/100,0) -> 3544 | K42: 42.99 | L42: 40.98 | M42: 95.25 | N42: 86.46 | O42: 40.2 | P42: =RANK(E42,$E$2:$E$350,0) -> 66 | Q42: =IF(E42>=30,"بسیار بالا",IF(E42>=20,"بالا",IF(E42>=13,"متوسط",IF(E42>=8,"پایین","بسیار پایین")))) -> بالا | R42: 339.3 | S42: -0.157 | T42: 25 | U42: دستی (نام مرکب/معادل) | V42: پرواز | W42: 0.97 | X42: B
A43: 42 | B43: 2 | C43: شهر آرا | D43: 36305 | E43: 26.18 | F43: 24.97 | G43: 27.39 | H43: 31.7 | I43: =E43-H43 -> -5.52 | J43: =ROUND(D43*E43/100,0) -> 9505 | K43: 42.53 | L43: 40.6 | M43: 95.19 | N43: 86.14 | O43: 39.79 | P43: =RANK(E43,$E$2:$E$350,0) -> 69 | Q43: =IF(E43>=30,"بسیار بالا",IF(E43>=20,"بالا",IF(E43>=13,"متوسط",IF(E43>=8,"پایین","بسیار پایین")))) -> بالا | R43: 360.5 | S43: -0.17 | T43: 93 | U43: دقیق (نام یکسان) | V43: شهرآرا | W43: 0.99 | X43: A
A44: 43 | B44: 2 | C44: تهران ویلا | D44: 17173 | E44: 24.47 | F44: 22.97 | G44: 26 | H44: 31.7 | I44: =E44-H44 -> -7.23 | J44: =ROUND(D44*E44/100,0) -> 4202 | K44: 40.34 | L44: 38.82 | M44: 94.87 | N44: 84.53 | O44: 37.85 | P44: =RANK(E44,$E$2:$E$350,0) -> 83 | Q44: =IF(E44>=30,"بسیار بالا",IF(E44>=20,"بالا",IF(E44>=13,"متوسط",IF(E44>=8,"پایین","بسیار پایین")))) -> بالا | R44: 343.6 | S44: -0.233 | T44: 93 | U44: دقیق (نام یکسان) | V44: تهران‌ویلا | W44: 0.99 | X44: A
A45: 44 | B45: 2 | C45: برق آلستوم(ستارخان) | D45: 26267 | E45: 22.89 | F45: 21.15 | G45: 24.7 | H45: 31.7 | I45: =E45-H45 -> -8.81 | J45: =ROUND(D45*E45/100,0) -> 6013 | K45: 38.26 | L45: 37.13 | M45: 94.55 | N45: 82.82 | O45: 36 | P45: =RANK(E45,$E$2:$E$350,0) -> 94 | Q45: =IF(E45>=30,"بسیار بالا",IF(E45>=20,"بالا",IF(E45>=13,"متوسط",IF(E45>=8,"پایین","بسیار پایین")))) -> بالا | R45: 307.4 | S45: -0.295 | T45: 95 | U45: جایگزین (محله مجاور/مشابه) | V45: ستارخان | W45: 0.99 | X45: B
A46: 45 | B46: 2 | C46: صادقیه | D46: 42945 | E46: 21.49 | F46: 19.55 | G46: 23.53 | H46: 31.7 | I46: =E46-H46 -> -10.21 | J46: =ROUND(D46*E46/100,0) -> 9229 | K46: 36.36 | L46: 35.58 | M46: 94.23 | N46: 81.11 | O46: 34.32 | P46: =RANK(E46,$E$2:$E$350,0) -> 103 | Q46: =IF(E46>=30,"بسیار بالا",IF(E46>=20,"بالا",IF(E46>=13,"متوسط",IF(E46>=8,"پایین","بسیار پایین")))) -> بالا | R46: 279.5 | S46: -0.352 | T46: 92 | U46: دستی (نام مرکب/معادل) | V46: صادقیه | W46: 0.99 | X46: A
A47: 46 | B47: 2 | C47: توحید | D47: 34358 | E47: 19.44 | F47: 17.26 | G47: 21.79 | H47: 31.7 | I47: =E47-H47 -> -12.26 | J47: =ROUND(D47*E47/100,0) -> 6679 | K47: 33.5 | L47: 33.24 | M47: 93.7 | N47: 78.2 | O47: 31.8 | P47: =RANK(E47,$E$2:$E$350,0) -> 124 | Q47: =IF(E47>=30,"بسیار بالا",IF(E47>=20,"بالا",IF(E47>=13,"متوسط",IF(E47>=8,"پایین","بسیار پایین")))) -> متوسط | R47: 291.7 | S47: -0.44 | T47: 88 | U47: دقیق (نام یکسان) | V47: توحید | W47: 0.98 | X47: A
A48: 47 | B48: 2 | C48: طرشت | D48: 25110 | E48: 18.42 | F48: 16.13 | G48: 20.91 | H48: 31.7 | I48: =E48-H48 -> -13.28 | J48: =ROUND(D48*E48/100,0) -> 4625 | K48: 32.03 | L48: 32.04 | M48: 93.4 | N48: 76.53 | O48: 30.5 | P48: =RANK(E48,$E$2:$E$350,0) -> 135 | Q48: =IF(E48>=30,"بسیار بالا",IF(E48>=20,"بالا",IF(E48>=13,"متوسط",IF(E48>=8,"پایین","بسیار پایین")))) -> متوسط | R48: 252.9 | S48: -0.487 | T48: 87 | U48: دقیق (نام یکسان) | V48: طرشت | W48: 0.99 | X48: A
A49: 48 | B49: 2 | C49: فرحزاد | D49: 13807 | E49: 17.74 | F49: 15.39 | G49: 20.32 | H49: 31.7 | I49: =E49-H49 -> -13.96 | J49: =ROUND(D49*E49/100,0) -> 2449 | K49: 31.04 | L49: 31.22 | M49: 93.19 | N49: 75.33 | O49: 29.62 | P49: =RANK(E49,$E$2:$E$350,0) -> 141 | Q49: =IF(E49>=30,"بسیار بالا",IF(E49>=20,"بالا",IF(E49>=13,"متوسط",IF(E49>=8,"پایین","بسیار پایین")))) -> متوسط | R49: 283 | S49: -0.519 | T49: 5 | U49: دقیق (نام یکسان) | V49: فرحزاد | W49: 0.86 | X49: C
A50: 49 | B50: 3 | C50: دروس | D50: 32355 | E50: 46.45 | F50: 43.71 | G50: 49.21 | H50: 33.9 | I50: =E50-H50 -> 12.55 | J50: =ROUND(D50*E50/100,0) -> 15029 | K50: 65.33 | L50: 58.64 | M50: 98.45 | N50: 94.91 | O50: 60.59 | P50: =RANK(E50,$E$2:$E$350,0) -> 2 | Q50: =IF(E50>=30,"بسیار بالا",IF(E50>=20,"بالا",IF(E50>=13,"متوسط",IF(E50>=8,"پایین","بسیار پایین")))) -> بسیار بالا | R50: 678.9 | S50: 0.373 | T50: 92 | U50: دقیق (نام یکسان) | V50: دروس | W50: 0.98 | X50: A
A51: 50 | B51: 3 | C51: قبا | D51: 17192 | E51: 34.9 | F51: 34.7 | G51: 35.08 | H51: 33.9 | I51: =E51-H51 -> 1 | J51: =ROUND(D51*E51/100,0) -> 6000 | K51: 53.81 | L51: 48.83 | M51: 97.81 | N51: 90.36 | O51: 49.85 | P51: =RANK(E51,$E$2:$E$350,0) -> 23 | Q51: =IF(E51>=30,"بسیار بالا",IF(E51>=20,"بالا",IF(E51>=13,"متوسط",IF(E51>=8,"پایین","بسیار پایین")))) -> بسیار بالا | R51: 450 | S51: 0.035 | T51: 92 | U51: دقیق (نام یکسان) | V51: قبا | W51: 0.99 | X51: A
A52: 51 | B52: 3 | C52: امانیه | D52: 26745 | E52: 34.79 | F52: 34.62 | G52: 34.94 | H52: 33.9 | I52: =E52-H52 -> 0.89 | J52: =ROUND(D52*E52/100,0) -> 9305 | K52: 53.69 | L52: 48.74 | M52: 97.8 | N52: 90.3 | O52: 49.74 | P52: =RANK(E52,$E$2:$E$350,0) -> 24 | Q52: =IF(E52>=30,"بسیار بالا",IF(E52>=20,"بالا",IF(E52>=13,"متوسط",IF(E52>=8,"پایین","بسیار پایین")))) -> بسیار بالا | R52: 464.3 | S52: 0.032 | T52: 93 | U52: دقیق (نام یکسان) | V52: امانیه | W52: 0.99 | X52: A
... A55: 54 | B55: 3 | C55: درب دوم | D55: 18277 | E55: 33.93 | F55: 33.91 | G55: 33.95 | H55: 33.9 | I55: =E55-H55 -> 0.03 | J55: =ROUND(D55*E55/100,0) -> 6201 | K55: 52.74 | L55: 47.96 | M55: 97.74 | N55: 89.82 | O55: 48.88 | P55: =RANK(E55,$E$2:$E$350,0) -> 28 | Q55: =IF(E55>=30,"بسیار بالا",IF(E55>=20,"بالا",IF(E55>=13,"متوسط",IF(E55>=8,"پایین","بسیار پایین")))) -> بسیار بالا | R55: 443 | S55: 0.005 | T55: 93 | U55: دقیق (نام یکسان) | V55: درب دوم | W55: 0.99 | X55: A
A56: 55 | B56: 3 | C56: داوودیه | D56: 24511 | E56: 33.76 | F56: 33.69 | G56: 33.81 | H56: 33.9 | I56: =E56-H56 -> -0.14 | J56: =ROUND(D56*E56/100,0) -> 8275 | K56: 52.55 | L56: 47.8 | M56: 97.72 | N56: 89.71 | O56: 48.7 | P56: =RANK(E56,$E$2:$E$350,0) -> 29 | Q56: =IF(E56>=30,"بسیار بالا",IF(E56>=20,"بالا",IF(E56>=13,"متوسط",IF(E56>=8,"پایین","بسیار پایین")))) -> بسیار بالا | S56: 0 | T56: 0 | U56: بدون تطبیق | V56: — | W56: 0 | X56: D
A57: 56 | B57: 3 | C57: کاووسیه | D57: 20626 | E57: 33.76 | F57: 33.69 | G57: 33.81 | H57: 33.9 | I57: =E57-H57 -> -0.14 | J57: =ROUND(D57*E57/100,0) -> 6963 | K57: 52.55 | L57: 47.8 | M57: 97.72 | N57: 89.71 | O57: 48.7 | P57: =RANK(E57,$E$2:$E$350,0) -> 29 | Q57: =IF(E57>=30,"بسیار بالا",IF(E57>=20,"بالا",IF(E57>=13,"متوسط",IF(E57>=8,"پایین","بسیار پایین")))) -> بسیار بالا | S57: 0 | T57: 0 | U57: بدون تطبیق | V57: — | W57: 0 | X57: D
A58: 57 | B58: 3 | C58: قلهک | D58: 22963 | E58: 32.9 | F58: 32.66 | G58: 33.13 | H58: 33.9 | I58: =E58-H58 -> -1 | J58: =ROUND(D58*E58/100,0) -> 7555 | K58: 51.59 | L58: 47.01 | M58: 97.66 | N58: 89.19 | O58: 47.83 | P58: =RANK(E58,$E$2:$E$350,0) -> 34 | Q58: =IF(E58>=30,"بسیار بالا",IF(E58>=20,"بالا",IF(E58>=13,"متوسط",IF(E58>=8,"پایین","بسیار پایین")))) -> بسیار بالا | R58: 422.2 | S58: -0.027 | T58: 91 | U58: دقیق (نام یکسان) | V58: قلهک | W58: 0.99 | X58: A
A59: 58 | B59: 3 | C59: آرارات | D59: 21009 | E59: 31.31 | F59: 30.75 | G59: 31.88 | H59: 33.9 | I59: =E59-H59 -> -2.59 | J59: =ROUND(D59*E59/100,0) -> 6578 | K59: 49.77 | L59: 45.52 | M59: 97.53 | N59: 88.15 | O59: 46.19 | P59: =RANK(E59,$E$2:$E$350,0) -> 40 | Q59: =IF(E59>=30,"بسیار بالا",IF(E59>=20,"بالا",IF(E59>=13,"متوسط",IF(E59>=8,"پایین","بسیار پایین")))) -> بسیار بالا | R59: 500 | S59: -0.078 | T59: 5 | U59: دقیق (نام یکسان) | V59: آرارات | W59: 0.86 | X59: C
A60: 59 | B60: 3 | C60: حسن آباد - زرگنده | D60: 39828 | E60: 29.59 | F60: 28.69 | G60: 30.51 | H60: 33.9 | I60: =E60-H60 -> -4.31 | J60: =ROUND(D60*E60/100,0) -> 11785 | K60: 47.74 | L60: 43.87 | M60: 97.39 | N60: 86.89 | O60: 44.37 | P60: =RANK(E60,$E$2:$E$350,0) -> 51 | Q60: =IF(E60>=30,"بسیار بالا",IF(E60>=20,"بالا",IF(E60>=13,"متوسط",IF(E60>=8,"پایین","بسیار پایین")))) -> بالا | R60: 400 | S60: -0.135 | T60: 90 | U60: دستی (نام مرکب/معادل) | V60: حسن‌آباد، زرگنده | W60: 0.99 | X60: A
A61: 60 | B61: 3 | C61: سید خندان | D61: 30658 | E61: 26.53 | F61: 25.07 | G61: 28.03 | H61: 33.9 | I61: =E61-H61 -> -7.37 | J61: =ROUND(D61*E61/100,0) -> 8134 | K61: 43.98 | L61: 40.82 | M61: 97.08 | N61: 84.21 | O61: 41 | P61: =RANK(E61,$E$2:$E$350,0) -> 67 | Q61: =IF(E61>=30,"بسیار بالا",IF(E61>=20,"بالا",IF(E61>=13,"متوسط",IF(E61>=8,"پایین","بسیار پایین")))) -> بالا | R61: 365.4 | S61: -0.242 | T61: 172 | U61: دقیق (نام یکسان) | V61: مهران (سیدخندان)، سید خندان (جلفا) | W61: 1 | X61: A
A62: 61 | B62: 4 | C62: پاسداران - ضرابخانه | D62: 19326 | E62: 38.6 | F62: 33.6 | G62: 43.75 | H62: 17.9 | I62: =E62-H62 -> 20.7 | J62: =ROUND(D62*E62/100,0) -> 7460 | K62: 55.72 | L62: 51.35 | M62: 97.9 | N62: 91.73 | O62: 51.07 | P62: =RANK(E62,$E$2:$E$350,0) -> 9 | Q62: =IF(E62>=30,"بسیار بالا",IF(E62>=20,"بالا",IF(E62>=13,"متوسط",IF(E62>=8,"پایین","بسیار پایین")))) -> بسیار بالا | R62: 548.1 | S62: 0.783 | T62: 93 | U62: جایگزین (محله مجاور/مشابه) | V62: پاسداران | W62: 0.99 | X62: B
A63: 62 | B63: 4 | C63: حسین آباد - مبارک آباد | D63: 62773 | E63: 26.86 | F63: 24.9 | G63: 28.84 | H63: 17.9 | I63: =E63-H63 -> 8.96 | J63: =ROUND(D63*E63/100,0) -> 16861 | K63: 42.38 | L63: 40.43 | M63: 96.91 | N63: 83.74 | O63: 39.08 | P63: =RANK(E63,$E$2:$E$350,0) -> 64 | Q63: =IF(E63>=30,"بسیار بالا",IF(E63>=20,"بالا",IF(E63>=13,"متوسط",IF(E63>=8,"پایین","بسیار پایین")))) -> بالا | R63: 372.9 | S63: 0.406 | T63: 86 | U63: دستی (نام مرکب/معادل) | V63: حسین‌آباد | W63: 0.99 | X63: A
A64: 63 | B64: 4 | C64: مهران | D64: 29497 | E64: 26.24 | F64: 24.43 | G64: 28.05 | H64: 17.9 | I64: =E64-H64 -> 8.34 | J64: =ROUND(D64*E64/100,0) -> 7740 | K64: 41.6 | L64: 39.79 | M64: 96.84 | N64: 83.11 | O64: 38.39 | P64: =RANK(E64,$E$2:$E$350,0) -> 68 | Q64: =IF(E64>=30,"بسیار بالا",IF(E64>=20,"بالا",IF(E64>=13,"متوسط",IF(E64>=8,"پایین","بسیار پایین")))) -> بالا | R64: 352.2 | S64: 0.384 | T64: 89 | U64: دستی (نام مرکب/معادل) | V64: مهران (سیدخندان) | W64: 0.99 | X64: A
A65: 64 | B65: 4 | C65: لویزان - شیان | D65: 25723 | E65: 23.04 | F65: 22.02 | G65: 24.03 | H65: 17.9 | I65: =E65-H65 -> 5.14 | J65: =ROUND(D65*E65/100,0) -> 5927 | K65: 37.49 | L65: 36.45 | M65: 96.42 | N65: 79.37 | O65: 34.77 | P65: =RANK(E65,$E$2:$E$350,0) -> 92 | Q65: =IF(E65>=30,"بسیار بالا",IF(E65>=20,"بالا",IF(E65>=13,"متوسط",IF(E65>=8,"پایین","بسیار پایین")))) -> بالا | R65: 354.1 | S65: 0.263 | T65: 118 | U65: دستی (نام مرکب/معادل) | V65: لویزان، بوستان شیان | W65: 0.99 | X65: A
A66: 65 | B66: 4 | C66: تهرانپارس غربی | D66: 124634 | E66: 20.35 | F66: 19.95 | G66: 20.7 | H66: 17.9 | I66: =E66-H66 -> 2.45 | J66: =ROUND(D66*E66/100,0) -> 25363 | K66: 33.86 | L66: 33.49 | M66: 96 | N66: 75.42 | O66: 31.59 | P66: =RANK(E66,$E$2:$E$350,0) -> 114 | Q66: =IF(E66>=30,"بسیار بالا",IF(E66>=20,"بالا",IF(E66>=13,"متوسط",IF(E66>=8,"پایین","بسیار پایین")))) -> بالا | R66: 292.9 | S66: 0.152 | T66: 89 | U66: دقیق (نام یکسان) | V66: تهرانپارس غربی | W66: 0.99 | X66: A
A67: 66 | B67: 4 | C67: قنات کوثر | D67: 24138 | E67: 20.31 | F67: 19.92 | G67: 20.64 | H67: 17.9 | I67: =E67-H67 -> 2.41 | J67: =ROUND(D67*E67/100,0) -> 4902 | K67: 33.8 | L67: 33.44 | M67: 95.99 | N67: 75.34 | O67: 31.53 | P67: =RANK(E67,$E$2:$E$350,0) -> 116 | Q67: =IF(E67>=30,"بسیار بالا",IF(E67>=20,"بالا",IF(E67>=13,"متوسط",IF(E67>=8,"پایین","بسیار پایین")))) -> بالا | R67: 280 | S67: 0.15 | T67: 77 | U67: دقیق (نام یکسان) | V67: قنات‌کوثر | W67: 0.99 | X67: A
A68: 67 | B68: 4 | C68: نارمک شمالی | D68: 29784 | E68: 19.02 | F68: 18.91 | G68: 19.07 | H68: 17.9 | I68: =E68-H68 -> 1.12 | J68: =ROUND(D68*E68/100,0) -> 5665 | K68: 32 | L68: 31.97 | M68: 95.75 | N68: 73.12 | O68: 29.96 | P68: =RANK(E68,$E$2:$E$350,0) -> 130 | Q68: =IF(E68>=30,"بسیار بالا",IF(E68>=20,"بالا",IF(E68>=13,"متوسط",IF(E68>=8,"پایین","بسیار پایین")))) -> متوسط | R68: 273.8 | S68: 0.093 | T68: 92 | U68: دستی (نام مرکب/معادل) | V68: نارمک | W68: 0.99 | X68: A
A69: 68 | B69: 4 | C69: شمس آباد - مجیدیه | D69: 68003 | E69: 18.47 | F69: 18.4 | G69: 18.48 | H69: 17.9 | I69: =E69-H69 -> 0.57 | J69: =ROUND(D69*E69/100,0) -> 12560 | K69: 31.22 | L69: 31.32 | M69: 95.64 | N69: 72.09 | O69: 29.28 | P69: =RANK(E69,$E$2:$E$350,0) -> 134 | Q69: =IF(E69>=30,"بسیار بالا",IF(E69>=20,"بالا",IF(E69>=13,"متوسط",IF(E69>=8,"پایین","بسیار پایین")))) -> متوسط | R69: 306.5 | S69: 0.067 | T69: 176 | U69: دستی (نام مرکب/معادل) | V69: شمس‌آباد، مجیدیه | W69: 0.99 | X69: A
A70: 69 | B70: 4 | C70: حکیمیه | D70: 51698 | E70: 18.17 | F70: 18.04 | G70: 18.24 | H70: 17.9 | I70: =E70-H70 -> 0.27 | J70: =ROUND(D70*E70/100,0) -> 9394 | K70: 30.79 | L70: 30.97 | M70: 95.58 | N70: 71.51 | O70: 28.9 | P70: =RANK(E70,$E$2:$E$350,0) -> 136 | Q70: =IF(E70>=30,"بسیار بالا",IF(E70>=20,"بالا",IF(E70>=13,"متوسط",IF(E70>=8,"پایین","بسیار پایین")))) -> متوسط | R70: 255 | S70: 0.053 | T70: 81 | U70: دقیق (نام یکسان) | V70: حکیمیه | W70: 0.98 | X70: A
A71: 70 | B71: 4 | C71: گلشن | D71: 57312 | E71: 17.07 | F71: 16.72 | G71: 17.37 | H71: 17.9 | I71: =E71-H71 -> -0.83 | J71: =ROUND(D71*E71/100,0) -> 9783 | K71: 29.2 | L71: 29.65 | M71: 95.33 | N71: 69.26 | O71: 27.52 | P71: =RANK(E71,$E$2:$E$350,0) -> 149 | Q71: =IF(E71>=30,"بسیار بالا",IF(E71>=20,"بالا",IF(E71>=13,"متوسط",IF(E71>=8,"پایین","بسیار پایین")))) -> متوسط | S71: 0 | T71: 0 | U71: بدون تطبیق | V71: — | W71: 0 | X71: D
A72: 71 | B72: 4 | C72: کوهسار | D72: 40336 | E72: 17.07 | F72: 16.72 | G72: 17.37 | H72: 17.9 | I72: =E72-H72 -> -0.83 | J72: =ROUND(D72*E72/100,0) -> 6885 | K72: 29.2 | L72: 29.65 | M72: 95.33 | N72: 69.26 | O72: 27.52 | P72: =RANK(E72,$E$2:$E$350,0) -> 149 | Q72: =IF(E72>=30,"بسیار بالا",IF(E72>=20,"بالا",IF(E72>=13,"متوسط",IF(E72>=8,"پایین","بسیار پایین")))) -> متوسط | S72: 0 | T72: 0 | U72: بدون تطبیق | V72: — | W72: 0 | X72: D
A73: 72 | B73: 4 | C73: کاظم اباد | D73: 30228 | E73: 17.07 | F73: 16.72 | G73: 17.37 | H73: 17.9 | I73: =E73-H73 -> -0.83 | J73: =ROUND(D73*E73/100,0) -> 5160 | K73: 29.2 | L73: 29.65 | M73: 95.33 | N73: 69.26 | O73: 27.52 | P73: =RANK(E73,$E$2:$E$350,0) -> 149 | Q73: =IF(E73>=30,"بسیار بالا",IF(E73>=20,"بالا",IF(E73>=13,"متوسط",IF(E73>=8,"پایین","بسیار پایین")))) -> متوسط | S73: 0 | T73: 0 | U73: بدون تطبیق | V73: — | W73: 0 | X73: D
A74: 73 | B74: 4 | C74: کالاد | D74: 21603 | E74: 17.07 | F74: 16.72 | G74: 17.37 | H74: 17.9 | I74: =E74-H74 -> -0.83 | J74: =ROUND(D74*E74/100,0) -> 3688 | K74: 29.2 | L74: 29.65 | M74: 95.33 | N74: 69.26 | O74: 27.52 | P74: =RANK(E74,$E$2:$E$350,0) -> 149 | Q74: =IF(E74>=30,"بسیار بالا",IF(E74>=20,"بالا",IF(E74>=13,"متوسط",IF(E74>=8,"پایین","بسیار پایین")))) -> متوسط | S74: 0 | T74: 0 | U74: بدون تطبیق | V74: — | W74: 0 | X74: D
A75: 74 | B75: 4 | C75: علم و صنعت | D75: 46880 | E75: 16.65 | F75: 16.23 | G75: 17.04 | H75: 17.9 | I75: =E75-H75 -> -1.25 | J75: =ROUND(D75*E75/100,0) -> 7806 | K75: 28.59 | L75: 29.15 | M75: 95.24 | N75: 68.35 | O75: 26.98 | P75: =RANK(E75,$E$2:$E$350,0) -> 159 | Q75: =IF(E75>=30,"بسیار بالا",IF(E75>=20,"بالا",IF(E75>=13,"متوسط",IF(E75>=8,"پایین","بسیار پایین")))) -> متوسط | R75: 233.8 | S75: -0.021 | T75: 87 | U75: دقیق (نام یکسان) | V75: علم و صنعت | W75: 0.99 | X75: A
A76: 75 | B76: 4 | C76: مجید آباد | D76: 32569 | E76: 16.15 | F76: 15.63 | G76: 16.63 | H76: 17.9 | I76: =E76-H76 -> -1.75 | J76: =ROUND(D76*E76/100,0) -> 5260 | K76: 27.85 | L76: 28.52 | M76: 95.11 | N76: 67.2 | O76: 26.33 | P76: =RANK(E76,$E$2:$E$350,0) -> 165 | Q76: =IF(E76>=30,"بسیار بالا",IF(E76>=20,"بالا",IF(E76>=13,"متوسط",IF(E76>=8,"پایین","بسیار پایین")))) -> متوسط | R76: 230 | S76: -0.047 | T76: 85 | U76: دقیق (نام یکسان) | V76: مجیدآباد | W76: 0.99 | X76: A
A77: 76 | B77: 4 | C77: اوقاف | D77: 49864 | E77: 14.72 | F77: 13.96 | G77: 15.47 | H77: 17.9 | I77: =E77-H77 -> -3.18 | J77: =ROUND(D77*E77/100,0) -> 7340 | K77: 25.7 | L77: 26.73 | M77: 94.72 | N77: 63.67 | O77: 24.45 | P77: =RANK(E77,$E$2:$E$350,0) -> 188 | Q77: =IF(E77>=30,"بسیار بالا",IF(E77>=20,"بالا",IF(E77>=13,"متوسط",IF(E77>=8,"پایین","بسیار پایین")))) -> متوسط | R77: 213.3 | S77: -0.123 | T77: 86 | U77: دقیق (نام یکسان) | V77: اوقاف | W77: 0.99 | X77: A
A78: 77 | B78: 4 | C78: قاسم آباد-ده نارمک | D78: 21787 | E78: 14.67 | F78: 13.9 | G78: 15.43 | H78: 17.9 | I78: =E78-H78 -> -3.23 | J78: =ROUND(D78*E78/100,0) -> 3196 | K78: 25.62 | L78: 26.66 | M78: 94.7 | N78: 63.53 | O78: 24.38 | P78: =RANK(E78,$E$2:$E$350,0) -> 190 | Q78: =IF(E78>=30,"بسیار بالا",IF(E78>=20,"بالا",IF(E78>=13,"متوسط",IF(E78>=8,"پایین","بسیار پایین")))) -> متوسط | R78: 219.7 | S78: -0.126 | T78: 90 | U78: دستی (نام مرکب/معادل) | V78: قاسم‌آباد | W78: 0.99 | X78: A
A79: 78 | B79: 4 | C79: تهرانپارس شرقی | D79: 66818 | E79: 13.74 | F79: 12.82 | G79: 14.66 | H79: 17.9 | I79: =E79-H79 -> -4.16 | J79: =ROUND(D79*E79/100,0) -> 9181 | K79: 24.19 | L79: 25.45 | M79: 94.41 | N79: 60.96 | O79: 23.12 | P79: =RANK(E79,$E$2:$E$350,0) -> 205 | Q79: =IF(E79>=30,"بسیار بالا",IF(E79>=20,"بالا",IF(E79>=13,"متوسط",IF(E79>=8,"پایین","بسیار پایین")))) -> متوسط | R79: 211.1 | S79: -0.18 | T79: 85 | U79: دقیق (نام یکسان) | V79: تهرانپارس شرقی | W79: 0.99 | X79: A
A80: 79 | B80: 4 | C80: جوادیه | D80: 58768 | E80: 9.78 | F80: 8.44 | G80: 11.26 | H80: 17.9 | I80: =E80-H80 -> -8.12 | J80: =ROUND(D80*E80/100,0) -> 5748 | K80: 17.85 | L80: 19.92 | M80: 92.71 | N80: 47.41 | O80: 17.51 | P80: =RANK(E80,$E$2:$E$350,0) -> 253 | Q80: =IF(E80>=30,"بسیار بالا",IF(E80>=20,"بالا",IF(E80>=13,"متوسط",IF(E80>=8,"پایین","بسیار پایین")))) -> پایین | R80: 170 | S80: -0.45 | T80: 79 | U80: دستی (نام مرکب/معادل) | V80: جوادیه تهرانپارس | W80: 0.98 | X80: A
A81: 80 | B81: 4 | C81: شمیران نو | D81: 44857 | E81: 5.23 | F81: 3.91 | G81: 6.94 | H81: 17.9 | I81: =E81-H81 -> -12.67 | J81: =ROUND(D81*E81/100,0) -> 2346 | K81: 9.97 | L81: 12.5 | M81: 88.53 | N81: 25.59 | O81: 10.33 | P81: =RANK(E81,$E$2:$E$350,0) -> 328 | Q81: =IF(E81>=30,"بسیار بالا",IF(E81>=20,"بالا",IF(E81>=13,"متوسط",IF(E81>=8,"پایین","بسیار پایین")))) -> بسیار پایین | R81: 95.2 | S81: -0.923 | T81: 65 | U81: دقیق (نام یکسان) | V81: شمیران‌نو | W81: 0.98 | X81: A
A82: 81 | B82: 5 | C82: پونک جنوبی | D82: 35408 | E82: 31.6 | F82: 30.39 | G82: 32.83 | H82: 26 | I82: =E82-H82 -> 5.6 | J82: =ROUND(D82*E82/100,0) -> 11189 | K82: 48.71 | L82: 44.89 | M82: 97.82 | N82: 84.59 | O82: 46.2 | P82: =RANK(E82,$E$2:$E$350,0) -> 36 | Q82: =IF(E82>=30,"بسیار بالا",IF(E82>=20,"بالا",IF(E82>=13,"متوسط",IF(E82>=8,"پایین","بسیار پایین")))) -> بسیار بالا | R82: 379.7 | S82: 0.199 | T82: 90 | U82: دستی (نام مرکب/معادل) | V82: پونک | W82: 0.99 | X82: A
A83: 82 | B83: 5 | C83: پونک شمالی | D83: 29387 | E83: 31.6 | F83: 30.39 | G83: 32.83 | H83: 26 | I83: =E83-H83 -> 5.6 | J83: =ROUND(D83*E83/100,0) -> 9286 | K83: 48.71 | L83: 44.89 | M83: 97.82 | N83: 84.59 | O83: 46.2 | P83: =RANK(E83,$E$2:$E$350,0) -> 36 | Q83: =IF(E83>=30,"بسیار بالا",IF(E83>=20,"بالا",IF(E83>=13,"متوسط",IF(E83>=8,"پایین","بسیار پایین")))) -> بسیار بالا | R83: 379.7 | S83: 0.199 | T83: 90 | U83: دستی (نام مرکب/معادل) | V83: پونک | W83: 0.99 | X83: A
A84: 83 | B84: 5 | C84: اباذر | D84: 28191 | E84: 30.98 | F84: 29.91 | G84: 32.05 | H84: 26 | I84: =E84-H84 -> 4.98 | J84: =ROUND(D84*E84/100,0) -> 8734 | K84: 47.98 | L84: 44.3 | M84: 97.77 | N84: 84.04 | O84: 45.54 | P84: =RANK(E84,$E$2:$E$350,0) -> 44 | Q84: =IF(E84>=30,"بسیار بالا",IF(E84>=20,"بالا",IF(E84>=13,"متوسط",IF(E84>=8,"پایین","بسیار پایین")))) -> بسیار بالا | R84: 363 | S84: 0.178 | T84: 91 | U84: دقیق (نام یکسان) | V84: اباذر | W84: 0.99 | X84: A
A85: 84 | B85: 5 | C85: مهران | D85: 34036 | E85: 30.44 | F85: 29.49 | G85: 31.39 | H85: 26 | I85: =E85-H85 -> 4.44 | J85: =ROUND(D85*E85/100,0) -> 10361 | K85: 47.35 | L85: 43.79 | M85: 97.73 | N85: 83.55 | O85: 44.97 | P85: =RANK(E85,$E$2:$E$350,0) -> 49 | Q85: =IF(E85>=30,"بسیار بالا",IF(E85>=20,"بالا",IF(E85>=13,"متوسط",IF(E85>=8,"پایین","بسیار پایین")))) -> بسیار بالا | R85: 370.3 | S85: 0.16 | T85: 90 | U85: دستی (نام مرکب/معادل) | V85: مهران | W85: 0.99 | X85: A
A86: 85 | B86: 5 | C86: شهرک نفت | D86: 14997 | E86: 29.39 | F86: 28.68 | G86: 30.1 | H86: 26 | I86: =E86-H86 -> 3.39 | J86: =ROUND(D86*E86/100,0) -> 4408 | K86: 46.1 | L86: 42.78 | M86: 97.65 | N86: 82.54 | O86: 43.85 | P86: =RANK(E86,$E$2:$E$350,0) -> 53 | Q86: =IF(E86>=30,"بسیار بالا",IF(E86>=20,"بالا",IF(E86>=13,"متوسط",IF(E86>=8,"پایین","بسیار پایین")))) -> بالا | R86: 356.8 | S86: 0.125 | T86: 89 | U86: دستی (نام مرکب/معادل) | V86: شهرک نفت | W86: 0.99 | X86: A
... A116: 115 | B116: 6 | C116: سنائی | D116: 13634 | E116: 30.28 | F116: 30.21 | G116: 30.3 | H116: 29.5 | I116: =E116-H116 -> 0.78 | J116: =ROUND(D116*E116/100,0) -> 4128 | K116: 53.59 | L116: 48.42 | M116: 97.42 | N116: 91.06 | O116: 50.69 | P116: =RANK(E116,$E$2:$E$350,0) -> 50 | Q116: =IF(E116>=30,"بسیار بالا",IF(E116>=20,"بالا",IF(E116>=13,"متوسط",IF(E116>=8,"پایین","بسیار پایین")))) -> بسیار بالا | R116: 371.1 | S116: 0.045 | T116: 92 | U116: دقیق (نام یکسان) | V116: سنائی | W116: 0.99 | X116: A
A117: 116 | B117: 6 | C117: دانشگاه تهران | D117: 10938 | E117: 28.94 | F117: 28.68 | G117: 29.15 | H117: 29.5 | I117: =E117-H117 -> -0.56 | J117: =ROUND(D117*E117/100,0) -> 3165 | K117: 51.99 | L117: 47.1 | M117: 97.29 | N117: 90.28 | O117: 49.23 | P117: =RANK(E117,$E$2:$E$350,0) -> 55 | Q117: =IF(E117>=30,"بسیار بالا",IF(E117>=20,"بالا",IF(E117>=13,"متوسط",IF(E117>=8,"پایین","بسیار پایین")))) -> بالا | S117: 0 | T117: 0 | U117: بدون تطبیق | V117: — | W117: 0 | X117: D
A118: 117 | B118: 6 | C118: ساعی | D118: 8875 | E118: 28.94 | F118: 28.68 | G118: 29.15 | H118: 29.5 | I118: =E118-H118 -> -0.56 | J118: =ROUND(D118*E118/100,0) -> 2568 | K118: 51.99 | L118: 47.1 | M118: 97.29 | N118: 90.28 | O118: 49.23 | P118: =RANK(E118,$E$2:$E$350,0) -> 55 | Q118: =IF(E118>=30,"بسیار بالا",IF(E118>=20,"بالا",IF(E118>=13,"متوسط",IF(E118>=8,"پایین","بسیار پایین")))) -> بالا | S118: 0 | T118: 0 | U118: بدون تطبیق | V118: — | W118: 0 | X118: D
A119: 118 | B119: 6 | C119: فاطمی | D119: 32856 | E119: 28.78 | F119: 28.48 | G119: 29.02 | H119: 29.5 | I119: =E119-H119 -> -0.72 | J119: =ROUND(D119*E119/100,0) -> 9456 | K119: 51.79 | L119: 46.93 | M119: 97.28 | N119: 90.18 | O119: 49.04 | P119: =RANK(E119,$E$2:$E$350,0) -> 57 | Q119: =IF(E119>=30,"بسیار بالا",IF(E119>=20,"بالا",IF(E119>=13,"متوسط",IF(E119>=8,"پایین","بسیار پایین")))) -> بالا | R119: 354.7 | S119: -0.006 | T119: 90 | U119: دقیق (نام یکسان) | V119: فاطمی | W119: 0.99 | X119: A
A120: 119 | B120: 6 | C120: کشاورز | D120: 14567 | E120: 24.77 | F120: 23.7 | G120: 25.82 | H120: 29.5 | I120: =E120-H120 -> -4.73 | J120: =ROUND(D120*E120/100,0) -> 3608 | K120: 46.68 | L120: 42.77 | M120: 96.85 | N120: 87.27 | O120: 44.43 | P120: =RANK(E120,$E$2:$E$350,0) -> 79 | Q120: =IF(E120>=30,"بسیار بالا",IF(E120>=20,"بالا",IF(E120>=13,"متوسط",IF(E120>=8,"پایین","بسیار پایین")))) -> بالا | R120: 326.7 | S120: -0.149 | T120: 86 | U120: دستی (نام مرکب/معادل) | V120: بلوار کشاورز | W120: 0.98 | X120: A
A121: 120 | B121: 6 | C121: بهجت آباد | D121: 12672 | E121: 24.43 | F121: 23.31 | G121: 25.55 | H121: 29.5 | I121: =E121-H121 -> -5.07 | J121: =ROUND(D121*E121/100,0) -> 3096 | K121: 46.23 | L121: 42.41 | M121: 96.81 | N121: 86.98 | O121: 44.03 | P121: =RANK(E121,$E$2:$E$350,0) -> 84 | Q121: =IF(E121>=30,"بسیار بالا",IF(E121>=20,"بالا",IF(E121>=13,"متوسط",IF(E121>=8,"پایین","بسیار پایین")))) -> بالا | R121: 313.4 | S121: -0.162 | T121: 84 | U121: دقیق (نام یکسان) | V121: بهجت‌آباد | W121: 0.99 | X121: A
A122: 121 | B122: 6 | C122: ایرانشهر | D122: 9593 | E122: 22.1 | F122: 20.59 | G122: 23.64 | H122: 29.5 | I122: =E122-H122 -> -7.4 | J122: =ROUND(D122*E122/100,0) -> 2120 | K122: 43.01 | L122: 39.81 | M122: 96.49 | N122: 84.71 | O122: 41.13 | P122: =RANK(E122,$E$2:$E$350,0) -> 98 | Q122: =IF(E122>=30,"بسیار بالا",IF(E122>=20,"بالا",IF(E122>=13,"متوسط",IF(E122>=8,"پایین","بسیار پایین")))) -> بالا | R122: 280.7 | S122: -0.253 | T122: 92 | U122: دقیق (نام یکسان) | V122: ایرانشهر | W122: 0.99 | X122: A
A123: 122 | B123: 6 | C123: ولیعصر | D123: 13432 | E123: 20.08 | F123: 18.29 | G123: 21.96 | H123: 29.5 | I123: =E123-H123 -> -9.42 | J123: =ROUND(D123*E123/100,0) -> 2697 | K123: 40.06 | L123: 37.45 | M123: 96.18 | N123: 82.33 | O123: 38.5 | P123: =RANK(E123,$E$2:$E$350,0) -> 118 | Q123: =IF(E123>=30,"بسیار بالا",IF(E123>=20,"بالا",IF(E123>=13,"متوسط",IF(E123>=8,"پایین","بسیار پایین")))) -> بالا | R123: 238 | S123: -0.339 | T123: 88 | U123: دستی (نام مرکب/معادل) | V123: میدان ولیعصر | W123: 0.99 | X123: A
A124: 123 | B124: 6 | C124: جمالزاده | D124: 25495 | E124: 16.04 | F124: 13.84 | G124: 18.49 | H124: 29.5 | I124: =E124-H124 -> -13.46 | J124: =ROUND(D124*E124/100,0) -> 4089 | K124: 33.7 | L124: 32.34 | M124: 95.36 | N124: 75.92 | O124: 32.82 | P124: =RANK(E124,$E$2:$E$350,0) -> 167 | Q124: =IF(E124>=30,"بسیار بالا",IF(E124>=20,"بالا",IF(E124>=13,"متوسط",IF(E124>=8,"پایین","بسیار پایین")))) -> متوسط | R124: 210.3 | S124: -0.531 | T124: 89 | U124: دقیق (نام یکسان) | V124: جمال‌زاده | W124: 0.99 | X124: A
A125: 124 | B125: 7 | C125: نیلوفر- شهید قندی | D125: 27721 | E125: 35.77 | F125: 32.38 | G125: 39.24 | H125: 21 | I125: =E125-H125 -> 14.77 | J125: =ROUND(D125*E125/100,0) -> 9916 | K125: 52.27 | L125: 49.66 | M125: 97.67 | N125: 92.23 | O125: 49.97 | P125: =RANK(E125,$E$2:$E$350,0) -> 20 | Q125: =IF(E125>=30,"بسیار بالا",IF(E125>=20,"بالا",IF(E125>=13,"متوسط",IF(E125>=8,"پایین","بسیار پایین")))) -> بسیار بالا | R125: 446.9 | S125: 0.546 | T125: 94 | U125: دستی (نام مرکب/معادل) | V125: نیلوفر | W125: 0.99 | X125: A
A126: 125 | B126: 7 | C126: عباس آباد - اندیشه | D126: 19427 | E126: 30.51 | F126: 28.42 | G126: 32.61 | H126: 21 | I126: =E126-H126 -> 9.51 | J126: =ROUND(D126*E126/100,0) -> 5927 | K126: 46.33 | L126: 44.79 | M126: 97.24 | N126: 89.41 | O126: 44.6 | P126: =RANK(E126,$E$2:$E$350,0) -> 48 | Q126: =IF(E126>=30,"بسیار بالا",IF(E126>=20,"بالا",IF(E126>=13,"متوسط",IF(E126>=8,"پایین","بسیار پایین")))) -> بسیار بالا | R126: 365 | S126: 0.38 | T126: 93 | U126: دستی (نام مرکب/معادل) | V126: عباس‌آباد | W126: 0.99 | X126: A
A127: 126 | B127: 7 | C127: سهروردی - باغ صبا | D127: 21177 | E127: 25.88 | F127: 24.9 | G127: 26.81 | H127: 21 | I127: =E127-H127 -> 4.88 | J127: =ROUND(D127*E127/100,0) -> 5481 | K127: 40.71 | L127: 40.18 | M127: 96.74 | N127: 85.89 | O127: 39.54 | P127: =RANK(E127,$E$2:$E$350,0) -> 71 | Q127: =IF(E127>=30,"بسیار بالا",IF(E127>=20,"بالا",IF(E127>=13,"متوسط",IF(E127>=8,"پایین","بسیار پایین")))) -> بالا | R127: 320 | S127: 0.219 | T127: 92 | U127: دستی (نام مرکب/معادل) | V127: سهروردی | W127: 0.99 | X127: A
A128: 127 | B128: 7 | C128: بهار | D128: 21519 | E128: 24.55 | F128: 23.88 | G128: 25.17 | H128: 21 | I128: =E128-H128 -> 3.55 | J128: =ROUND(D128*E128/100,0) -> 5283 | K128: 39.03 | L128: 38.8 | M128: 96.57 | N128: 84.63 | O128: 38.03 | P128: =RANK(E128,$E$2:$E$350,0) -> 82 | Q128: =IF(E128>=30,"بسیار بالا",IF(E128>=20,"بالا",IF(E128>=13,"متوسط",IF(E128>=8,"پایین","بسیار پایین")))) -> بالا | R128: 300.8 | S128: 0.17 | T128: 89 | U128: دقیق (نام یکسان) | V128: بهار | W128: 0.99 | X128: A
A129: 128 | B129: 7 | C129: امجدیه - خاقانی | D129: 9558 | E129: 22 | F129: 21.89 | G129: 22.05 | H129: 21 | I129: =E129-H129 -> 1 | J129: =ROUND(D129*E129/100,0) -> 2103 | K129: 35.68 | L129: 36.05 | M129: 96.21 | N129: 81.78 | O129: 35.02 | P129: =RANK(E129,$E$2:$E$350,0) -> 101 | Q129: =IF(E129>=30,"بسیار بالا",IF(E129>=20,"بالا",IF(E129>=13,"متوسط",IF(E129>=8,"پایین","بسیار پایین")))) -> بالا | R129: 273.8 | S129: 0.069 | T129: 63 | U129: دستی (نام مرکب/معادل) | V129: امجدیه (خاقانی) | W129: 0.99 | X129: A
A130: 129 | B130: 7 | C130: مجیدیه - دبستان | D130: 22372 | E130: 21.25 | F130: 21.14 | G130: 21.3 | H130: 21 | I130: =E130-H130 -> 0.25 | J130: =ROUND(D130*E130/100,0) -> 4754 | K130: 34.68 | L130: 35.22 | M130: 96.08 | N130: 80.82 | O130: 34.12 | P130: =RANK(E130,$E$2:$E$350,0) -> 105 | Q130: =IF(E130>=30,"بسیار بالا",IF(E130>=20,"بالا",IF(E130>=13,"متوسط",IF(E130>=8,"پایین","بسیار پایین")))) -> بالا | R130: 266.3 | S130: 0.038 | T130: 90 | U130: دستی (نام مرکب/معادل) | V130: دبستان | W130: 0.99 | X130: A
A131: 130 | B131: 7 | C131: کاج | D131: 17392 | E131: 20.45 | F131: 20.18 | G131: 20.68 | H131: 21 | I131: =E131-H131 -> -0.55 | J131: =ROUND(D131*E131/100,0) -> 3557 | K131: 33.59 | L131: 34.32 | M131: 95.95 | N131: 79.74 | O131: 33.14 | P131: =RANK(E131,$E$2:$E$350,0) -> 113 | Q131: =IF(E131>=30,"بسیار بالا",IF(E131>=20,"بالا",IF(E131>=13,"متوسط",IF(E131>=8,"پایین","بسیار پایین")))) -> بالا | R131: 240 | S131: 0.004 | T131: 89 | U131: دقیق (نام یکسان) | V131: کاج | W131: 0.99 | X131: A
A132: 131 | B132: 7 | C132: شاهد | D132: 42153 | E132: 20.35 | F132: 20.06 | G132: 20.59 | H132: 21 | I132: =E132-H132 -> -0.65 | J132: =ROUND(D132*E132/100,0) -> 8578 | K132: 33.45 | L132: 34.2 | M132: 95.93 | N132: 79.59 | O132: 33.02 | P132: =RANK(E132,$E$2:$E$350,0) -> 114 | Q132: =IF(E132>=30,"بسیار بالا",IF(E132>=20,"بالا",IF(E132>=13,"متوسط",IF(E132>=8,"پایین","بسیار پایین")))) -> بالا | S132: 0 | T132: 0 | U132: بدون تطبیق | V132: — | W132: 0 | X132: D
A133: 132 | B133: 7 | C133: خواجه نصیر - حقوقی | D133: 16890 | E133: 17.01 | F133: 16.11 | G133: 17.9 | H133: 21 | I133: =E133-H133 -> -3.99 | J133: =ROUND(D133*E133/100,0) -> 2873 | K133: 28.74 | L133: 30.24 | M133: 95.24 | N133: 74 | O133: 28.76 | P133: =RANK(E133,$E$2:$E$350,0) -> 153 | Q133: =IF(E133>=30,"بسیار بالا",IF(E133>=20,"بالا",IF(E133>=13,"متوسط",IF(E133>=8,"پایین","بسیار پایین")))) -> متوسط | R133: 197.4 | S133: -0.155 | T133: 88 | U133: دستی (نام مرکب/معادل) | V133: خواجه نصیر طوسی | W133: 0.99 | X133: A
A134: 133 | B134: 7 | C134: قصر - حشمتیه | D134: 14767 | E134: 16.85 | F134: 15.93 | G134: 17.77 | H134: 21 | I134: =E134-H134 -> -4.15 | J134: =ROUND(D134*E134/100,0) -> 2488 | K134: 28.51 | L134: 30.05 | M134: 95.21 | N134: 73.69 | O134: 28.55 | P134: =RANK(E134,$E$2:$E$350,0) -> 156 | Q134: =IF(E134>=30,"بسیار بالا",IF(E134>=20,"بالا",IF(E134>=13,"متوسط",IF(E134>=8,"پایین","بسیار پایین")))) -> متوسط | R134: 203.9 | S134: -0.162 | T134: 88 | U134: دستی (نام مرکب/معادل) | V134: حشمتیه | W134: 0.99 | X134: A
A135: 134 | B135: 7 | C135: دهقان - گرگان | D135: 21390 | E135: 15.72 | F135: 14.63 | G135: 16.84 | H135: 21 | I135: =E135-H135 -> -5.28 | J135: =ROUND(D135*E135/100,0) -> 3363 | K135: 26.85 | L135: 28.64 | M135: 94.92 | N135: 71.33 | O135: 27.04 | P135: =RANK(E135,$E$2:$E$350,0) -> 169 | Q135: =IF(E135>=30,"بسیار بالا",IF(E135>=20,"بالا",IF(E135>=13,"متوسط",IF(E135>=8,"پایین","بسیار پایین")))) -> متوسط | R135: 210.4 | S135: -0.221 | T135: 165 | U135: دستی (نام مرکب/معادل) | V135: دهقان، گرگان | W135: 1 | X135: A
A136: 135 | B136: 7 | C136: ارامنه | D136: 31341 | E136: 14.59 | F136: 13.35 | G136: 15.89 | H136: 21 | I136: =E136-H136 -> -6.41 | J136: =ROUND(D136*E136/100,0) -> 4573 | K136: 25.17 | L136: 27.19 | M136: 94.59 | N136: 68.7 | O136: 25.5 | P136: =RANK(E136,$E$2:$E$350,0) -> 191 | Q136: =IF(E136>=30,"بسیار بالا",IF(E136>=20,"بالا",IF(E136>=13,"متوسط",IF(E136>=8,"پایین","بسیار پایین")))) -> متوسط | R136: 182.2 | S136: -0.282 | T136: 82 | U136: دقیق (نام یکسان) | V136: ارامنه | W136: 0.99 | X136: A
A137: 136 | B137: 7 | C137: نظام آباد | D137: 12264 | E137: 14.47 | F137: 13.21 | G137: 15.79 | H137: 21 | I137: =E137-H137 -> -6.53 | J137: =ROUND(D137*E137/100,0) -> 1775 | K137: 24.98 | L137: 27.02 | M137: 94.56 | N137: 68.39 | O137: 25.33 | P137: =RANK(E137,$E$2:$E$350,0) -> 194 | Q137: =IF(E137>=30,"بسیار بالا",IF(E137>=20,"بالا",IF(E137>=13,"متوسط",IF(E137>=8,"پایین","بسیار پایین")))) -> متوسط | R137: 181.3 | S137: -0.289 | T137: 86 | U137: دقیق (نام یکسان) | V137: نظام‌آباد | W137: 1 | X137: A
A138: 137 | B138: 7 | C138: خواجه نظام الملک | D138: 34031 | E138: 14.25 | F138: 12.96 | G138: 15.6 | H138: 21 | I138: =E138-H138 -> -6.75 | J138: =ROUND(D138*E138/100,0) -> 4849 | K138: 24.64 | L138: 26.73 | M138: 94.49 | N138: 67.83 | O138: 25.02 | P138: =RANK(E138,$E$2:$E$350,0) -> 195 | Q138: =IF(E138>=30,"بسیار بالا",IF(E138>=20,"بالا",IF(E138>=13,"متوسط",IF(E138>=8,"پایین","بسیار پایین")))) -> متوسط | R138: 177.1 | S138: -0.302 | T138: 90 | U138: دقیق (نام یکسان) | V138: خواجه نظام الملک | W138: 0.99 | X138: A
A139: 138 | B139: 8 | C139: هفت حوض | D139: 32960 | E139: 24.18 | F139: 22.91 | G139: 25.48 | H139: 18.4 | I139: =E139-H139 -> 5.78 | J139: =ROUND(D139*E139/100,0) -> 7970 | K139: 37.77 | L139: 37.13 | M139: 97.65 | N139: 78.57 | O139: 37.02 | P139: =RANK(E139,$E$2:$E$350,0) -> 86 | Q139: =IF(E139>=30,"بسیار بالا",IF(E139>=20,"بالا",IF(E139>=13,"متوسط",IF(E139>=8,"پایین","بسیار پایین")))) -> بالا | R139: 311.7 | S139: 0.256 | T139: 92 | U139: دقیق (نام یکسان) | V139: هفت حوض | W139: 0.98 | X139: A
...

Sheet مناطق
A1: منطقه | B1: جمعیت (مجموع محلات) | C1: تعداد محلات | D1: سهم دانش‌آموختگان دانشگاهی ٪ (سرشماری ۱۳۹۰) | E1: میانگین وزنی برآورد محلات ٪ (کنترل) | F1: تعداد برآوردی دانش‌آموختگان | G1: کمترین برآورد محله ٪ | H1: بیشترین برآورد محله ٪ | I1: مردان دانشگاهی ٪ | J1: زنان دانشگاهی ٪ | K1: باسوادی ۳۰–۵۹ ٪ | L1: باسوادی ۶۰+ ٪ | M1: اینترنت ٪ | N1: میانگین لگاریتم قیمت هر متر (تومان) | O1: قیمت متناظر (میلیون تومان/متر) | P1: پوشش جمعیتی محلات دارای داده قیمت ٪ | Q1: پیش‌بینی مدل از قیمت ٪ | R1: خطای مدل (واحد درصد)
A2: 1 | B2: =SUMIF(محلات!$B$2:$B$350,A2,محلات!$D$2:$D$350) -> 486069 | C2: =COUNTIF(محلات!$B$2:$B$350,A2) -> 27 | D2: 31.3 | E2: =SUMPRODUCT((محلات!$B$2:$B$350=A2)*محلات!$D$2:$D$350*محلات!$E$2:$E$350)/B2 -> 31.299578 | F2: =SUMIF(محلات!$B$2:$B$350,A2,محلات!$J$2:$J$350) -> 152139 | G2: =_xlfn.MINIFS(محلات!$E$2:$E$350,محلات!$B$2:$B$350,A2) -> 14.88 | H2: =_xlfn.MAXIFS(محلات!$E$2:$E$350,محلات!$B$2:$B$350,A2) -> 45.85 | I2: 49.7 | J2: 43.7 | K2: 97.6 | L2: 90.9 | M2: 48.4 | N2: 20.0926 | O2: =ROUND(EXP(N2)/1000000,1) -> 532.2 | P2: 96.4 | Q2: 38.88 | R2: =Q2-D2 -> 7.58
A3: 2 | B3: =SUMIF(محلات!$B$2:$B$350,A3,محلات!$D$2:$D$350) -> 691795 | C3: =COUNTIF(محلات!$B$2:$B$350,A3) -> 21 | D3: 31.7 | E3: =SUMPRODUCT((محلات!$B$2:$B$350=A3)*محلات!$D$2:$D$350*محلات!$E$2:$E$350)/B3 -> 31.699118 | F3: =SUMIF(محلات!$B$2:$B$350,A3,محلات!$J$2:$J$350) -> 219294 | G3: =_xlfn.MINIFS(محلات!$E$2:$E$350,محلات!$B$2:$B$350,A3) -> 17.74 | H3: =_xlfn.MAXIFS(محلات!$E$2:$E$350,محلات!$B$2:$B$350,A3) -> 46.93 | I3: 48.6 | J3: 45.6 | K3: 95.8 | L3: 88.7 | M3: 45.3 | N3: 19.8219 | O3: =ROUND(EXP(N3)/1000000,1) -> 406 | P3: 88.3 | Q3: 30.18 | R3: =Q3-D3 -> -1.52
A4: 3 | B4: =SUMIF(محلات!$B$2:$B$350,A4,محلات!$D$2:$D$350) -> 330004 | C4: =COUNTIF(محلات!$B$2:$B$350,A4) -> 12 | D4: 33.9 | E4: =SUMPRODUCT((محلات!$B$2:$B$350=A4)*محلات!$D$2:$D$350*محلات!$E$2:$E$350)/B4 -> 33.899719 | F4: =SUMIF(محلات!$B$2:$B$350,A4,محلات!$J$2:$J$350) -> 111871 | G4: =_xlfn.MINIFS(محلات!$E$2:$E$350,محلات!$B$2:$B$350,A4) -> 26.53 | H4: =_xlfn.MAXIFS(محلات!$E$2:$E$350,محلات!$B$2:$B$350,A4) -> 46.45 | I4: 52.5 | J4: 47.8 | K4: 97.7 | L4: 89.4 | M4: 48.7 | N4: 19.9449 | O4: =ROUND(EXP(N4)/1000000,1) -> 459.2 | P4: 86.3 | Q4: 34 | R4: =Q4-D4 -> 0.1
A5: 4 | B5: =SUMIF(محلات!$B$2:$B$350,A5,محلات!$D$2:$D$350) -> 906598 | C5: =COUNTIF(محلات!$B$2:$B$350,A5) -> 20 | D5: 17.9 | E5: =SUMPRODUCT((محلات!$B$2:$B$350=A5)*محلات!$D$2:$D$350*محلات!$E$2:$E$350)/B5 -> 17.898036 | F5: =SUMIF(محلات!$B$2:$B$350,A5,محلات!$J$2:$J$350) -> 162265 | G5: =_xlfn.MINIFS(محلات!$E$2:$E$350,محلات!$B$2:$B$350,A5) -> 5.23 | H5: =_xlfn.MAXIFS(محلات!$E$2:$E$350,محلات!$B$2:$B$350,A5) -> 38.6 | I5: 30 | J5: 30.2 | K5: 95.1 | L5: 68.2 | M5: 28.2 | N5: 19.3225 | O5: =ROUND(EXP(N5)/1000000,1) -> 246.4 | P5: 83.5 | Q5: 17.5 | R5: =Q5-D5 -> -0.4
A6: 5 | B6: =SUMIF(محلات!$B$2:$B$350,A6,محلات!$D$2:$D$350) -> 853212 | C6: =COUNTIF(محلات!$B$2:$B$350,A6) -> 29 | D6: 26 | E6: =SUMPRODUCT((محلات!$B$2:$B$350=A6)*محلات!$D$2:$D$350*محلات!$E$2:$E$350)/B6 -> 25.999633 | F6: =SUMIF(محلات!$B$2:$B$350,A6,محلات!$J$2:$J$350) -> 221833 | G6: =_xlfn.MINIFS(محلات!$E$2:$E$350,محلات!$B$2:$B$350,A6) -> 14.04 | H6: =_xlfn.MAXIFS(محلات!$E$2:$E$350,محلات!$B$2:$B$350,A6) -> 31.6 | I6: 41.8 | J6: 39.3 | K6: 97.3 | L6: 78.2 | M6: 40 | N6: 19.5563 | O6: =ROUND(EXP(N6)/1000000,1) -> 311.3 | P6: 100 | Q6: 22.84 | R6: =Q6-D6 -> -3.16
A7: 6 | B7: =SUMIF(محلات!$B$2:$B$350,A7,محلات!$D$2:$D$350) -> 250753 | C7: =COUNTIF(محلات!$B$2:$B$350,A7) -> 14 | D7: 29.5 | E7: =SUMPRODUCT((محلات!$B$2:$B$350=A7)*محلات!$D$2:$D$350*محلات!$E$2:$E$350)/B7 -> 29.500537 | F7: =SUMIF(محلات!$B$2:$B$350,A7,محلات!$J$2:$J$350) -> 73971 | G7: =_xlfn.MINIFS(محلات!$E$2:$E$350,محلات!$B$2:$B$350,A7) -> 16.04 | H7: =_xlfn.MAXIFS(محلات!$E$2:$E$350,محلات!$B$2:$B$350,A7) -> 37.28 | I7: 52 | J7: 47.2 | K7: 97.2 | L7: 89.3 | M7: 49.3 | N7: 19.6599 | O7: =ROUND(EXP(N7)/1000000,1) -> 345.3 | P7: 92.1 | Q7: 25.55 | R7: =Q7-D7 -> -3.95
A8: 7 | B8: =SUMIF(محلات!$B$2:$B$350,A8,محلات!$D$2:$D$350) -> 312002 | C8: =COUNTIF(محلات!$B$2:$B$350,A8) -> 14 | D8: 21 | E8: =SUMPRODUCT((محلات!$B$2:$B$350=A8)*محلات!$D$2:$D$350*محلات!$E$2:$E$350)/B8 -> 20.99939 | F8: =SUMIF(محلات!$B$2:$B$350,A8,محلات!$J$2:$J$350) -> 65520 | G8: =_xlfn.MINIFS(محلات!$E$2:$E$350,محلات!$B$2:$B$350,A8) -> 14.25 | H8: =_xlfn.MAXIFS(محلات!$E$2:$E$350,محلات!$B$2:$B$350,A8) -> 35.77 | I8: 33.9 | J8: 34.5 | K8: 95.8 | L8: 78.3 | M8: 33.4 | N8: 19.3049 | O8: =ROUND(EXP(N8)/1000000,1) -> 242.1 | P8: 86.5 | Q8: 17.14 | R8: =Q8-D8 -> -3.86
A9: 8 | B9: =SUMIF(محلات!$B$2:$B$350,A9,محلات!$D$2:$D$350) -> 425044 | C9: =COUNTIF(محلات!$B$2:$B$350,A9) -> 13 | D9: 18.4 | E9: =SUMPRODUCT((محلات!$B$2:$B$350=A9)*محلات!$D$2:$D$350*محلات!$E$2:$E$350)/B9 -> 18.399549 | F9: =SUMIF(محلات!$B$2:$B$350,A9,محلات!$J$2:$J$350) -> 78207 | G9: =_xlfn.MINIFS(محلات!$E$2:$E$350,محلات!$B$2:$B$350,A9) -> 12.9 | H9: =_xlfn.MAXIFS(محلات!$E$2:$E$350,محلات!$B$2:$B$350,A9) -> 24.18 | I9: 29.9 | J9: 30.6 | K9: 96.9 | L9: 68.1 | M9: 29.9 | N9: 19.2705 | O9: =ROUND(EXP(N9)/1000000,1) -> 233.9 | P9: 100 | Q9: 16.45 | R9: =Q9-D9 -> -1.95
A10: 9 | B10: =SUMIF(محلات!$B$2:$B$350,A10,محلات!$D$2:$D$350) -> 174115 | C10: =COUNTIF(محلات!$B$2:$B$350,A10) -> 9 | D10: 12.6 | E10: =SUMPRODUCT((محلات!$B$2:$B$350=A10)*محلات!$D$2:$D$350*محلات!$E$2:$E$350)/B10 -> 12.59941 | F10: =SUMIF(محلات!$B$2:$B$350,A10,محلات!$J$2:$J$350) -> 21937 | G10: =_xlfn.MINIFS(محلات!$E$2:$E$350,محلات!$B$2:$B$350,A10) -> 10.77 | H10: =_xlfn.MAXIFS(محلات!$E$2:$E$350,محلات!$B$2:$B$350,A10) -> 15.12 | I10: 24.9 | J10: 23.6 | K10: 95.6 | L10: 51.6 | M10: 23.7 | N10: 18.917 | O10: =ROUND(EXP(N10)/1000000,1) -> 164.3 | P10: 74.7 | Q10: 10.63 | R10: =Q10-D10 -> -1.97
A11: 10 | B11: =SUMIF(محلات!$B$2:$B$350,A11,محلات!$D$2:$D$350) -> 326885 | C11: =COUNTIF(محلات!$B$2:$B$350,A11) -> 10 | D11: 13.9 | E11: =SUMPRODUCT((محلات!$B$2:$B$350=A11)*محلات!$D$2:$D$350*محلات!$E$2:$E$350)/B11 -> 13.898524 | F11: =SUMIF(محلات!$B$2:$B$350,A11,محلات!$J$2:$J$350) -> 45432 | G11: =_xlfn.MINIFS(محلات!$E$2:$E$350,محلات!$B$2:$B$350,A11) -> 11.89 | H11: =_xlfn.MAXIFS(محلات!$E$2:$E$350,محلات!$B$2:$B$350,A11) -> 15.75 | I11: 24.2 | J11: 25.4 | K11: 94.8 | L11: 57.1 | M11: 23.7 | N11: 18.8489 | O11: =ROUND(EXP(N11)/1000000,1) -> 153.5 | P11: 83.1 | Q11: 9.74 | R11: =Q11-D11 -> -4.16
A12: 11 | B12: =SUMIF(محلات!$B$2:$B$350,A12,محلات!$D$2:$D$350) -> 307469 | C12: =COUNTIF(محلات!$B$2:$B$350,A12) -> 17 | D12: 15.1 | E12: =SUMPRODUCT((محلات!$B$2:$B$350=A12)*محلات!$D$2:$D$350*محلات!$E$2:$E$350)/B12 -> 15.100014 | F12: =SUMIF(محلات!$B$2:$B$350,A12,محلات!$J$2:$J$350) -> 46429 | G12: =_xlfn.MINIFS(محلات!$E$2:$E$350,محلات!$B$2:$B$350,A12) -> 11.67 | H12: =_xlfn.MAXIFS(محلات!$E$2:$E$350,محلات!$B$2:$B$350,A12) -> 18.98 | I12: 25.2 | J12: 27.7 | K12: 96.2 | L12: 64.8 | M12: 26.4 | N12: 19.0155 | O12: =ROUND(EXP(N12)/1000000,1) -> 181.3 | P12: 75.5 | Q12: 12.04 | R12: =Q12-D12 -> -3.06
A13: 12 | B13: =SUMIF(محلات!$B$2:$B$350,A13,محلات!$D$2:$D$350) -> 240909 | C13: =COUNTIF(محلات!$B$2:$B$350,A13) -> 13 | D13: 10.8 | E13: =SUMPRODUCT((محلات!$B$2:$B$350=A13)*محلات!$D$2:$D$350*محلات!$E$2:$E$350)/B13 -> 10.799046 | F13: =SUMIF(محلات!$B$2:$B$350,A13,محلات!$J$2:$J$350) -> 26016 | G13: =_xlfn.MINIFS(محلات!$E$2:$E$350,محلات!$B$2:$B$350,A13) -> 5.9 | H13: =_xlfn.MAXIFS(محلات!$E$2:$E$350,محلات!$B$2:$B$350,A13) -> 17.9 | I13: 20 | J13: 22 | K13: 91.8 | L13: 60.8 | M13: 22.2 | N13: 18.9517 | O13: =ROUND(EXP(N13)/1000000,1) -> 170.1 | P13: 85.1 | Q13: 11.11 | R13: =Q13-D13 -> 0.31
... A23: 22 | B23: =SUMIF(محلات!$B$2:$B$350,A23,محلات!$D$2:$D$350) -> 174227 | C23: =COUNTIF(محلات!$B$2:$B$350,A23) -> 12 | D23: 19.1 | E23: =SUMPRODUCT((محلات!$B$2:$B$350=A23)*محلات!$D$2:$D$350*محلات!$E$2:$E$350)/B23 -> 19.101588 | F23: =SUMIF(محلات!$B$2:$B$350,A23,محلات!$J$2:$J$350) -> 33279 | G23: =_xlfn.MINIFS(محلات!$E$2:$E$350,محلات!$B$2:$B$350,A23) -> 15.17 | H23: =_xlfn.MAXIFS(محلات!$E$2:$E$350,محلات!$B$2:$B$350,A23) -> 21.9 | I23: 33.6 | J23: 31.7 | K23: 96.5 | L23: 73.7 | M23: 33.4 | N23: 19.2148 | O23: =ROUND(EXP(N23)/1000000,1) -> 221.2 | P23: 69.4 | Q23: 15.39 | R23: =Q23-D23 -> -3.71
A24: کل شهر | B24: =SUM(B2:B23) -> 8627281 | C24: =SUM(C2:C23) -> 349 | E24: =F24/B24*100 -> 17.853922 | F24: =SUM(F2:F23) -> 1540308

Sheet مدل و اعتبارسنجی
A1: مدل برآورد کوچک‌ناحیه‌ای: logit(شاخص) = a + b × ln(قیمت هر متر)
A3: شاخص | B3: عرض از مبدأ a | C3: شیب b | D3: خطای معیار b | E3: R² (۲۲ منطقه، مقیاس لوجیت) | F3: همبستگی پیرسون با قیمت | G3: میانگین خطای مطلق اعتبارسنجی حذف‌یک‌منطقه (واحد درصد) | H3: RMSE حذف‌یک‌منطقه
A4: باسوادی ۳۰ تا ۵۹ سال | B4: -17.329 | C4: 1.055 | D4: 0.197 | E4: 0.589 | F4: 0.703 | G4: 1.92 | H4: 2.45
A5: باسوادی ۶۰ سال و بالاتر | B5: -38.435 | C5: 2.036 | D5: 0.211 | E5: 0.823 | F5: 0.873 | G5: 6.34 | H5: 9.27
A6: سهم دانش‌آموختگان دانشگاهی از کل جمعیت | B6: -29.105 | C6: 1.426 | D6: 0.155 | E6: 0.809 | F6: 0.928 | G6: 3 | H6: 4.15
A7: مردان دارای تحصیلات دانشگاهی | B7: -28.339 | C7: 1.425 | D7: 0.155 | E7: 0.808 | F7: 0.914 | G7: 4.26 | H7: 6.06
A8: زنان دارای تحصیلات دانشگاهی | B8: -23.488 | C8: 1.173 | D8: 0.127 | E8: 0.811 | F8: 0.912 | G8: 3.74 | H8: 5.18
A9: استفاده از اینترنت | B9: -25.794 | C9: 1.292 | D9: 0.127 | E9: 0.839 | F9: 0.926 | G9: 3.72 | H9: 5.04
A11: واریانس بین‌محله‌ای لگاریتم قیمت درون مناطق (τ²) = 0.0636 ؛ میانه واریانس درون‌محله‌ای آگهی‌ها = 0.0524
A12: وزن اعتماد محله = τ² / (τ² + s²/n) ؛ لگاریتم قیمت محله به سمت میانگین منطقه منقبض می‌شود (برآورد بیزی تجربی) تا محلات کم‌آگهی نوسان کاذب نداشته باشند.
A13: گام ۱: برای هر شاخص، رابطه لوجیت شاخص با لگاریتم قیمت در سطح ۲۲ منطقه برازش شد (ستون‌های بالا).
A14: گام ۲: برای هر محله: logit(p محله) = logit(p منطقه) + c منطقه + b × (لگاریتم قیمت منقبض‌شده محله − میانگین وزنی منطقه).
A15: گام ۳: ثابت c برای هر منطقه با روش دوبخشی طوری تعیین شد که میانگین وزنی (جمعیتی) برآورد محلات دقیقاً برابر رقم سرشماری همان منطقه شود (ستون E شیت مناطق را با D مقایسه کنید).
A16: گام ۴: محلات بدون داده قیمت، مقدار پایه منطقه (پس از کالیبراسیون) را می‌گیرند. بازه پایین/بالا با شیب b ± ۱٫۹۶ خطای معیار محاسبه شده است.
A17: محدودیت: شیب b از تفاوت میان مناطق برآورد شده و فرض شده درون مناطق نیز برقرار است (خطر خطای اکولوژیک). این برآورد است، نه داده اندازه‌گیری‌شده سرشماری در سطح محله.

Sheet داده قیمت دیوار
A1: کد محله در دیوار | B1: نام محله در دیوار | C1: تعداد آگهی معتبر | D1: قیمت میانه هر متر (میلیون تومان) | E1: چارک اول | F1: چارک سوم | G1: انحراف معیار لگاریتم قیمت
A2: 55 | B2: ولنجک | C2: 88 | D2: 844.4 | E2: 696.4 | F2: 1000 | G2: 0.278
A3: 56 | B3: زعفرانیه | C3: 87 | D3: 831.2 | E3: 640 | F3: 1000 | G3: 0.325
A4: 85 | B4: الهیه | C4: 87 | D4: 831.1 | E4: 692.3 | F4: 1105.3 | G4: 0.292
A5: 62 | B5: کامرانیه | C5: 84 | D5: 753.4 | E5: 613.7 | F5: 997.5 | G5: 0.303
A6: 60 | B6: محمودیه | C6: 88 | D6: 704.4 | E6: 574 | F6: 877.8 | G6: 0.29
A7: 64 | B7: فرمانیه | C7: 88 | D7: 682.1 | E7: 558.1 | F7: 851 | G7: 0.312
A8: 71 | B8: دروس | C8: 92 | D8: 678.9 | E8: 510.8 | F8: 899.9 | G8: 0.345
A9: 42 | B9: نیاوران | C9: 90 | D9: 671.2 | E9: 534.2 | F9: 800.8 | G9: 0.293
A10: 75 | B10: سعادت‌آباد | C10: 88 | D10: 656.2 | E10: 472.9 | F10: 925.4 | G10: 0.43
A11: 942 | B11: حصار بوعلی | C11: 87 | D11: 653.3 | E11: 535.7 | F11: 800 | G11: 0.276
A12: 930 | B12: باغ فردوس | C12: 13 | D12: 650 | E12: 499.9 | F12: 1000 | G12: 0.351
A13: 44 | B13: جماران (نیاوران) | C13: 91 | D13: 646.9 | E13: 527.3 | F13: 771.4 | G13: 0.288
... A49: 49 | B49: مینی‌سیتی (شهرک نفت) | C49: 80 | D49: 423.1 | E49: 311 | F49: 494.9 | G49: 0.24
A50: 93 | B50: بازار | C50: 3 | D50: 423.1 | G50: 0.65
A51: 70 | B51: قلهک | C51: 91 | D51: 422.2 | E51: 376.5 | F51: 492.3 | G51: 0.29
A52: 932 | B52: والفجر | C52: 71 | D52: 420 | E52: 376 | F52: 470.6 | G52: 0.297
A53: 1024 | B53: هروی | C53: 86 | D53: 417 | E53: 369.5 | F53: 488.4 | G53: 0.213
A54: 933 | B54: جهاد | C54: 90 | D54: 415.3 | E54: 349.2 | F54: 448.6 | G54: 0.193
A55: 57 | B55: اوین | C55: 50 | D55: 412.5 | E55: 354 | F55: 534 | G55: 0.36
A56: 1035 | B56: شیراز | C56: 36 | D56: 409.3 | E56: 371.1 | F56: 505.4 | G56: 0.252
A57: 139 | B57: مرزداران | C57: 89 | D57: 405.9 | E57: 360 | F57: 466.7 | G57: 0.227
A58: 84 | B58: زرگنده | C58: 89 | D58: 400 | E58: 335.1 | F58: 455 | G58: 0.233
A59: 53 | B59: ازگل | C59: 86 | D59: 397.4 | E59: 361.4 | F59: 555.6 | G59: 0.26
A60: 58 | B60: درکه | C60: 50 | D60: 394.8 | E60: 349.9 | F60: 475.7 | G60: 0.295
A61: 82 | B61: پونک | C61: 90 | D61: 379.7 | E61: 322.2 | F61: 453.2 | G61: 0.23
A62: 47 | B62: دارآباد | C62: 81 | D62: 376.5 | E62: 348.2 | F62: 450 | G62: 0.245
... A123: 46 | B123: گلاب دره | C123: 17 | D123: 260 | E123: 142.4 | F123: 400.7 | G123: 0.605
A124: 169 | B124: شهرک آپادانا | C124: 2 | D124: 256 | G124: 0.108
A125: 928 | B125: دانشگاه شریف | C125: 92 | D125: 255.8 | E125: 223.1 | F125: 290.9 | G125: 0.189
A126: 121 | B126: حکیمیه | C126: 81 | D126: 255 | E126: 226.5 | F126: 281 | G126: 0.323
A127: 171 | B127: طرشت | C127: 87 | D127: 252.9 | E127: 227 | F127: 277.8 | G127: 0.196
A128: 154 | B128: بهاران | C128: 88 | D128: 251.9 | E128: 240.1 | F128: 276.9 | G128: 0.2
A129: 134 | B129: نیروی هوایی (پیروزی) | C129: 91 | D129: 249.8 | E129: 200 | F129: 315.9 | G129: 0.368
A130: 163 | B130: شهرک صدرا | C130: 62 | D130: 249.1 | E130: 229.9 | F130: 268.9 | G130: 0.249
A131: 165 | B131: گلستان (شهرک راه آهن) | C131: 81 | D131: 247.6 | E131: 205.3 | F131: 313.3 | G131: 0.66
A132: 156 | B132: جوانمردان (اندیشه) | C132: 91 | D132: 247.2 | E132: 214.3 | F132: 272.4 | G132: 0.311
A133: 118 | B133: دردشت | C133: 90 | D133: 245.4 | E133: 209.6 | F133: 309.6 | G133: 0.236
A134: 155 | B134: شهر زیبا | C134: 83 | D134: 244.6 | E134: 177.9 | F134: 275 | G134: 0.491
A135: 126 | B135: مجیدیه | C135: 86 | D135: 242.5 | E135: 193.8 | F135: 261.9 | G135: 0.215
A136: 959 | B136: کاج | C136: 89 | D136: 240 | E136: 201.7 | F136: 299.4 | G136: 0.265
... A165: 161 | B165: دهکده المپیک | C165: 48 | D165: 207.6 | E165: 189.7 | F165: 297.1 | G165: 0.31
A166: 182 | B166: فرودگاه مهرآباد | C166: 2 | D166: 207.5 | G166: 0.208
A167: 953 | B167: امامت | C167: 85 | D167: 207.1 | E167: 176.2 | F167: 247 | G167: 0.292
A168: 130 | B168: حشمتیه | C168: 88 | D168: 203.9 | E168: 170.5 | F168: 243.4 | G168: 0.256
A169: 907 | B169: آبشار تهران (دریاچه) | C169: 75 | D169: 201.3 | E169: 176.5 | F169: 211.3 | G169: 0.283
A170: 273 | B170: آهنگ | C170: 85 | D170: 200 | E170: 160.9 | F170: 258.9 | G170: 0.395
A171: 278 | B171: منیریه | C171: 91 | D171: 200 | E171: 161.6 | F171: 250 | G171: 0.281
A172: 655 | B172: فلسطین (میدان انقلاب) | C172: 89 | D172: 200 | E172: 170.9 | F172: 238.8 | G172: 0.253
A173: 1023 | B173: بروجردی | C173: 40 | D173: 200 | E173: 133.6 | F173: 200 | G173: 0.239
A174: 164 | B174: شهرک آزادی | C174: 74 | D174: 198 | E174: 179.5 | F174: 217.5 | G174: 0.241
A175: 654 | B175: آذربایجان | C175: 88 | D175: 198 | E175: 168.7 | F175: 225.5 | G175: 0.275
A176: 286 | B176: خواجه نصیر طوسی | C176: 88 | D176: 197.4 | E176: 171.2 | F176: 259.7 | G176: 0.274
A177: 289 | B177: صد دستگاه | C177: 77 | D177: 197.4 | E177: 170.7 | F177: 228.2 | G177: 0.215
A178: 1030 | B178: شهرک شهید باقری | C178: 79 | D178: 195.4 | E178: 181.2 | F178: 214.3 | G178: 0.226
... A188: 252 | B188: نازی‌آباد | C188: 81 | D188: 187.5 | E188: 156.3 | F188: 209.8 | G188: 0.228
A189: 990 | B189: اتحاد | C189: 2 | D189: 186.3 | G189: 0.115
A190: 957 | B190: شارق | C190: 92 | D190: 186.2 | E190: 174.2 | F190: 203.1 | G190: 0.168
A191: 281 | B191: شیخ هادی | C191: 85 | D191: 182.9 | E191: 149.6 | F191: 220.9 | G191: 0.262
A192: 994 | B192: فردوسی | C192: 26 | D192: 182.6 | E192: 148.7 | F192: 222.2 | G192: 0.29
A193: 966 | B193: تاکسیرانی | C193: 79 | D193: 182.5 | E193: 166 | F193: 233.3 | G193: 0.264
A194: 131 | B194: ارامنه | C194: 82 | D194: 182.2 | E194: 158.5 | F194: 204.7 | G194: 0.167
A195: 132 | B195: نظام‌آباد | C195: 86 | D195: 181.3 | E195: 166.1 | F195: 200.4 | G195: 0.163
A196: 133 | B196: وحیدیه | C196: 86 | D196: 180.8 | E196: 154.8 | F196: 199 | G196: 0.174
A197: 166 | B197: شهرک انصار | C197: 32 | D197: 180.4 | E197: 169.2 | F197: 189.8 | G197: 0.149
A198: 960 | B198: گرگان | C198: 85 | D198: 180 | E198: 149.6 | F198: 206.6 | G198: 0.195
A199: 992 | B199: آبشار | C199: 72 | D199: 179.7 | E199: 149 | F199: 207.5 | G199: 0.241
A200: 964 | B200: زاهد گیلانی | C200: 90 | D200: 179.7 | E200: 139.6 | F200: 205.4 | G200: 0.239
A201: 92 | B201: بهارستان | C201: 57 | D201: 179.5 | E201: 146.5 | F201: 220.5 | G201: 0.26
... A233: 290 | B233: نیکنام | C233: 89 | D233: 151.8 | E233: 124.5 | F233: 181.1 | G233: 0.31
A234: 99 | B234: حسن‌آباد | C234: 1 | D234: 150.5
A235: 1006 | B235: هفت چنار | C235: 92 | D235: 150 | E235: 133.1 | F235: 173.9 | G235: 0.191
A236: 241 | B236: کیانشهر | C236: 72 | D236: 149.8 | E236: 120 | F236: 169.8 | G236: 0.227
A237: 968 | B237: شیوا | C237: 85 | D237: 149.1 | E237: 136.7 | F237: 169.9 | G237: 0.173
A238: 256 | B238: اسفندیاری | C238: 75 | D238: 148.9 | E238: 121.2 | F238: 176.9 | G238: 0.269
A239: 975 | B239: مینای جنوبی | C239: 69 | D239: 148.6 | E239: 126.7 | F239: 183.3 | G239: 0.352
A240: 999 | B240: خرمشهر | C240: 90 | D240: 147.8 | E240: 126.8 | F240: 169.5 | G240: 0.211
A241: 916 | B241: تولید دارو | C241: 86 | D241: 147.1 | E241: 124.6 | F241: 169.6 | G241: 0.22
A242: 186 | B242: مهرآباد جنوبی | C242: 78 | D242: 146.4 | E242: 134.7 | F242: 160.5 | G242: 0.161
A243: 998 | B243: قلمستان | C243: 69 | D243: 146.2 | E243: 125 | F243: 170.7 | G243: 0.197
A244: 196 | B244: جی | C244: 94 | D244: 145.1 | E244: 129 | F244: 160.5 | G244: 0.169
A245: 374 | B245: وردآورد | C245: 86 | D245: 144.3 | E245: 94.5 | F245: 164.3 | G245: 0.325
A246: 1022 | B246: باغ خزانه | C246: 91 | D246: 143.3 | E246: 127.3 | F246: 164.2 | G246: 0.176
... A269: 275 | B269: گمرک | C269: 76 | D269: 120 | E269: 113.8 | F269: 126.8 | G269: 0.118
A270: 976 | B270: مسگرآباد | C270: 1 | D270: 119.3
A271: 1032 | B271: شهرک دانشگاه | C271: 38 | D271: 118.6 | E271: 102.6 | F271: 126.4 | G271: 0.207
A272: 1013 | B272: جلیلی | C272: 84 | D272: 118.4 | E272: 106.3 | F272: 133.1 | G272: 0.211
A273: 1010 | B273: مقدم | C273: 88 | D273: 117.9 | E273: 107.9 | F273: 129.6 | G273: 0.154
A274: 265 | B274: جوادیه | C274: 77 | D274: 117.3 | E274: 104.9 | F274: 134.9 | G274: 0.225
A275: 1008 | B275: یافت‌آباد | C275: 73 | D275: 116.4 | E275: 104 | F275: 131.2 | G275: 0.152
A276: 279 | B276: سنگلج (شاپور) | C276: 67 | D276: 116 | E276: 105 | F276: 138 | G276: 0.205
A277: 198 | B277: آذری | C277: 83 | D277: 115.4 | E277: 110 | F277: 131.7 | G277: 0.137
A278: 260 | B278: شهرک شریفی | C278: 7 | D278: 115 | E278: 110.9 | F278: 120 | G278: 0.058
A279: 1016 | B279: طیب | C279: 77 | D279: 115 | E279: 105 | F279: 124.7 | G279: 0.138
A280: 1021 | B280: امام زاده حسن | C280: 89 | D280: 114.7 | E280: 104.6 | F280: 124.8 | G280: 0.151
A281: 263 | B281: شهید رجایی | C281: 79 | D281: 114.6 | E281: 101.1 | F281: 129.9 | G281: 0.208
A282: 220 | B282: عبدل‌آباد | C282: 21 | D282: 114.2 | E282: 108 | F282: 138.9 | G282: 0.16
... A293: 245 | B293: شهرک رضویه | C293: 88 | D293: 106 | E293: 93 | F293: 121.3 | G293: 0.161
A294: 307 | B294: شهرک غزالی | C294: 2 | D294: 104 | G294: 0.198
A295: 993 | B295: امین حضور | C295: 10 | D295: 103.4 | E295: 98.6 | F295: 120.7 | G295: 0.178
...

Sheet جدول تطبیق
A1: منطقه | B1: محله شهرداری | C1: نوع تطبیق | D1: کد(های) دیوار | E1: نام(های) دیوار | F1: تعداد آگهی
A2: 1 | B2: اراج | C2: بدون تطبیق | D2: — | E2: — | F2: 0
A3: 1 | B3: ازگل | C3: دقیق (نام یکسان) | D3: 53 | E3: ازگل | F3: 86
A4: 1 | B4: امامزاده قاسم | C4: دقیق (نام یکسان) | D4: 45 | E4: امام زاده قاسم (نیاوران) | F4: 86
A5: 1 | B5: اوین | C5: دقیق (نام یکسان) | D5: 57 | E5: اوین | F5: 50
A6: 1 | B6: باغ فردوس | C6: دقیق (نام یکسان) | D6: 930 | E6: باغ فردوس | F6: 13
A7: 1 | B7: تجریش | C7: دقیق (نام یکسان) | D7: 61 | E7: تجریش | F7: 82
A8: 1 | B8: جماران | C8: دقیق (نام یکسان) | D8: 44 | E8: جماران (نیاوران) | F8: 91
A9: 1 | B9: حصار بوعلی | C9: دقیق (نام یکسان) | D9: 942 | E9: حصار بوعلی | F9: 87
A10: 1 | B10: حکمت | C10: دقیق (نام یکسان) | D10: 931 | E10: حکمت | F10: 91
A11: 1 | B11: دارآباد | C11: دقیق (نام یکسان) | D11: 47 | E11: دارآباد | F11: 81
A12: 1 | B12: دانشگاه - گلها | C12: دستی (نام مرکب/معادل) | D12: 50 | E12: شهرک گلها | F12: 29
A13: 1 | B13: دربند | C13: دقیق (نام یکسان) | D13: 54 | E13: دربند | F13: 46
... A350: 22 | B350: گلستان | C350: دقیق (نام یکسان) | D350: 165 | E350: گلستان (شهرک راه آهن) | F350: 81

Sheet منابع و روش
A1: منبع / موضوع | B1: توضیح
A2: شاخص‌های آموزشی مناطق | B2: صادقی و زنجری (۱۳۹۶)، فصلنامه رفاه اجتماعی، ش ۶۶، جدول ۲؛ مبتنی بر داده‌های خام سرشماری ۱۳۹۰ برای ۲۲ منطقه — https://www.sid.ir/fileserver/jf/62113966604
A3: جمعیت محلات | B3: ۳۴۹ محله تهران (حدود ۱۳۹۵)، سامانه داده‌های باز شهرداری تهران (data.tehran.ir) به نقل از https://d-learn.ir/tehran-neighborhood-data
A4: متغیر کمکی قیمت مسکن | B4: آگهی‌های فروش آپارتمان دیوار (api.divar.ir)، ۳۱۱ محله، جمع‌آوری مهر ۱۴۰۵؛ قیمت درخواستی فروشنده، متراژ از عنوان آگهی استخراج شد (دقت ۹۷٫۷٪ در مقایسه با ۱۳۰ آگهی کامل)
A5: کنترل کلی شهر | B5: سرشماری ۱۳۹۵: ۹۵٪ باسوادی جمعیت ۶ ساله و بیشتر شهر تهران؛ کمترین باسوادی مناطق ۱۷ و ۱۹ و بیشترین ۳ و ۶ — https://www.mizanonline.ir/fa/news/681973/
A6: پالایش داده قیمت | B6: حذف آگهی تکراری، آگهی‌های محله دیگر، متراژ خارج از ۲۵ تا ۱۰۰۰ متر، قیمت هر متر خارج از ۲۰ تا ۲۰۰۰ میلیون تومان
A7: درجه کیفیت A | B7: تطبیق دقیق/دستی و حداقل ۳۰ آگهی معتبر
A8: درجه کیفیت B | B8: ۱۰ تا ۲۹ آگهی، یا محله جایگزین با ۳۰+ آگهی
A9: درجه کیفیت C | B9: کمتر از ۱۰ آگهی یا محله جایگزین با آگهی کم
A10: درجه کیفیت D | B10: بدون داده قیمت؛ فقط مقدار منطقه
A11: آستانه‌های سطح | B11: ≥۳۰٪ بسیار بالا؛ ۲۰ تا ۳۰ بالا؛ ۱۳ تا ۲۰ متوسط؛ ۸ تا ۱۳ پایین؛ کمتر از ۸ بسیار پایین (سهم دانش‌آموختگان دانشگاهی از کل جمعیت)
A12: محدودیت‌ها | B12: ۱) داده رسمی تحصیلات به تفکیک محله منتشر/در دسترس نبود (سایت‌های شهرداری و مرکز آمار از محیط کار قابل دسترسی نبودند). ۲) پایه سرشماری ۱۳۹۰ است و سطح تحصیلات از آن زمان افزایش یافته؛ ارقام برای مقایسه نسبی محلات مناسب‌ترند. ۳) قیمت مسکن نماینده وضعیت اقتصادی-اجتماعی است، نه اندازه‌گیری مستقیم تحصیلات. ۴) منطقه ۲۰ (شهرری) پوشش آگهی بسیار کمی دارد.
