Workbook

Sheet راهنما
A1: استطاعت مسکن ساکنان محلات تهران — مهر ۱۴۰۵
A3: تعداد محلات | B3: =COUNTA(محلات!C2:C350) -> 349
A4: خانوارهای برآوردی | B4: =SUM(محلات!E2:E350) -> 2889992
A5: درآمد سالانه مبنا خانوار متوسط تهران (میلیون تومان) | B5: =پارامترها!B5/1000000 -> 973.35
A6: میانگین وزنی قیمت هر متر (میلیون تومان) | B6: =مناطق!H24 -> 252.72867
A7: میانگین وزنی PIR ساکنان (واحد استاندارد) | B7: =مناطق!J24 -> 19.457751
A8: میانگین وزنی سهم اجاره از درآمد ساکنان ٪ | B8: =مناطق!K24 -> 68.70226
A9: کمترین PIR خانوار متوسط تهران (ارزان‌ترین محله) | B9: =MIN(محلات!L2:L350) -> 5.8714748
A10: بیشترین PIR خانوار متوسط تهران (گران‌ترین محله) | B10: =MAX(محلات!L2:L350) -> 64.848205
A11: محلات با سطح خرید «شدید» یا بدتر (ساکنان) | B11: =COUNTIF(محلات!#REF!,"شدید")+COUNTIF(محلات!#REF!,"بسیار شدید (غیرممکن)") -> #REF!
A12: محلات با اجاره «فشار شدید» برای ساکنان | B12: =COUNTIF(محلات!R2:R350,"فشار شدید") -> 347
A13: محلاتی که کمتر از ۲۰٪ خانوارهای تهران توان اجاره واحد استاندارد آن را دارند | B13: =COUNTIF(محلات!S2:S350,"<20") -> 261
A14: قسط ماهانه وام ۲ میلیاردی (میلیون تومان) | B14: =پارامترها!B12/1000000 -> 40.27524
A16: شیت «محلات»: برای هر ۳۴۹ محله قیمت فروش و اجاره، درآمد برآوردی ساکنان، PIR، سال‌های انتظار، سهم اجاره از درآمد، سهم خانوارهای تهران قادر به خرید/اجاره، اثر وام مسکن، شاخص ترکیبی و درجه کیفیت داده.
A17: شیت «پارامترها»: درآمد، وام، نرخ سود، متراژ و آستانه‌ها قابل تغییرند (سلول‌های زرد).
A18: شیت «مناطق»: جمع‌بندی ۲۲ منطقه و مقایسه گرادیان درآمد مدل با طرح هزینه و درآمد ۱۳۸۷.
A19: هشدار: درآمد محله‌ها برآوردی است و قیمت‌ها درخواستی؛ ارقام برای مقایسه و برنامه‌ریزی مناسب‌اند نه ارزش‌گذاری ملک خاص.

Sheet پارامترها
A1: پارامترها و فرض‌ها (سلول‌های زرد قابل تغییرند؛ همه محاسبات خودکار به‌روز می‌شوند)
A2: پارامتر | B2: مقدار | C2: منبع / توضیح
A3: متوسط درآمد سالانه خانوار شهری استان تهران ۱۴۰۴ (تومان) | B3: 721000000 | C3: مرکز آمار ایران، طرح هزینه و درآمد ۱۴۰۴ (به نقل از اکوایران، ۹ مهر ۱۴۰۵)
A4: ضریب به‌روزرسانی درآمد به مهر ۱۴۰۵ | B4: 1.35 | C4: فرض: رشد اسمی درآمد خانوار شهری در ۱۴۰۴ برابر ۴۱٫۲٪ بوده؛ برای فاصله میانه ۱۴۰۴ تا مهر ۱۴۰۵ حدود ۳۵٪ فرض شد
A5: درآمد سالانه مبنا خانوار متوسط تهران در مهر ۱۴۰۵ (تومان) | B5: =B3*B4 -> 9.7335e+08 | C5: محاسبه‌ای
A6: متراژ واحد استاندارد (متر مربع) | B6: 75 | C6: واحد مرجع برای مقایسه محلات
A7: نرخ پس‌انداز خانوار از درآمد | B7: 0.3 | C7: فرض متعارف در محاسبه سال‌های انتظار خرید
A8: آستانه بار هزینه مسکن (سهم درآمد) | B8: 0.3 | C8: معیار رایج بین‌المللی (۳۰٪ درآمد)
A9: سقف وام خرید مسکن زوجین تهران ۱۴۰۵ (تومان) | B9: 2000000000 | C9: وام از محل اوراق تسه بانک مسکن — جام‌جم آنلاین
A10: نرخ سود سالانه وام | B10: 0.225 | C10: ۲۲٫۵٪ — جام‌جم آنلاین
A11: مدت بازپرداخت (سال) | B11: 12 | C11: ۱۲ سال — جام‌جم آنلاین
A12: قسط ماهانه وام (تومان) | B12: =PMT(B10/12,B11*12,-B9) -> 40275240 | C12: محاسبه‌ای (منبع: حدود ۴۰٫۳ میلیون تومان)
A13: ضریب جینی خانوارهای شهری استان تهران ۱۴۰۴ | B13: 0.4021 | C13: مرکز آمار ایران (به نقل از تجارت‌نیوز/باشگاه خبرنگاران، مهر ۱۴۰۵)
A14: انحراف معیار لگاریتم درآمد (توزیع لگ‌نرمال) | B14: =2*NORMSINV((1+B13)/2) -> 1.0548456 | C14: از ضریب جینی: G = 2Φ(σ/√2) − 1
A15: میانگین لگاریتم درآمد μ | B15: =LN(B5)-B14^2/2 -> 20.139905 | C15: محاسبه‌ای
A16: نرخ تبدیل ودیعه به اجاره ماهانه (در داده‌ها اعمال شده) | B16: 0.03 | C16: عرف بازار ۲ تا ۳ درصد ماهانه (فرارو)؛ ۳٪ در پردازش آگهی‌ها اعمال شد
A17: کشش درآمد سرانه نسبت به قیمت مسکن (برآوردشده) | B17: 1.035 | C17: کالیبره‌شده با نسبت هزینه سرانه مناطق ۱، ۳ و ۱۶ به میانگین شهر (طرح هزینه و درآمد ۱۳۸۷)

Sheet محلات
A1: ردیف | B1: منطقه | C1: محله | D1: جمعیت (حدود ۱۳۹۵) | E1: تعداد خانوار (برآورد) | F1: ضریب درآمد نسبی خانوار (میانگین شهر = ۱) | G1: درآمد سالانه برآوردی خانوار ساکن (میلیون تومان) | H1: قیمت میانه هر متر (میلیون تومان) | I1: قیمت واحد استاندارد (میلیون تومان) | J1: متراژ میانه آگهی‌های فروش (متر) | K1: نسبت قیمت به درآمد (PIR) ساکنان | L1: PIR برای خانوار متوسط تهران | M1: سال‌های لازم پس‌انداز برای خرید (ساکنان) | N1: رهن کامل معادل هر متر (میلیون تومان) | O1: اجاره ماهانه معادل واحد استاندارد (میلیون تومان) | P1: سهم اجاره از درآمد ساکنان ٪ | Q1: سهم اجاره از درآمد خانوار متوسط تهران ٪ | R1: سطح استطاعت اجاره | S1: سهم خانوارهای تهران قادر به اجاره (≤۳۰٪ درآمد) ٪ | T1: سهم خانوارهای تهران با PIR ≤ ۵ ٪ | U1: پوشش وام از قیمت ٪ | V1: پیش‌پرداخت لازم پس از وام (میلیون تومان) | W1: سال‌های پس‌انداز برای پیش‌پرداخت (ساکنان) | X1: نسبت قسط وام به درآمد ماهانه ساکنان ٪ | Y1: شاخص ترکیبی استطاعت مسکن (۰ تا ۱۰۰؛ بیشتر = قابل‌استطاعت‌تر) | Z1: رتبه استطاعت در شهر | AA1: تعداد آگهی فروش | AB1: تعداد آگهی اجاره | AC1: منبع داده اجاره | AD1: نوع تطبیق | AE1: محله(های) دیوار | AF1: درجه کیفیت داده
A2: 1 | B2: 1 | C2: ولنجک | D2: 26587 | E2: =ROUND(D2/INDEX(مناطق!$D$2:$D$23,B2),0) -> 9112 | F2: 3.4199 | G2: =پارامترها!$B$5*F2/1000000 -> 3328.7597 | H2: 841.6 | I2: =H2*پارامترها!$B$6 -> 63120 | J2: 190 | K2: =I2/G2 -> 18.962018 | L2: =I2/(پارامترها!$B$5/1000000) -> 64.848205 | M2: =K2/پارامترها!$B$7 -> 63.206726 | N2: 68.3 | O2: =N2*پارامترها!$B$6*پارامترها!$B$16 -> 153.675 | P2: =O2*12/G2*100 -> 55.399013 | Q2: =O2*12/(پارامترها!$B$5/1000000)*100 -> 189.45908 | R2: =IF(P2<=30,"قابل استطاعت",IF(P2<=50,"زیر فشار","فشار شدید")) -> فشار شدید | S2: =(1-NORMSDIST((LN(O2*12*1000000/پارامترها!$B$8)-پارامترها!$B$15)/پارامترها!$B$14))*100 -> 1.1465723 | T2: =(1-NORMSDIST((LN(I2*1000000/5)-پارامترها!$B$15)/پارامترها!$B$14))*100 -> 0.155428 | U2: =MIN(100,پارامترها!$B$9/1000000/I2*100) -> 3.1685678 | V2: =MAX(0,I2-پارامترها!$B$9/1000000) -> 61120 | W2: =V2/(G2*پارامترها!$B$7) -> 61.203978 | X2: =پارامترها!$B$12/1000000/(G2/12)*100 -> 14.519008 | Y2: =ROUND(50*MIN(1,3/K2)+50*MIN(1,30/P2),1) -> 35 | Z2: =RANK(Y2,$Y$2:$Y$350,0) -> 12 | AA2: 88 | AB2: 83 | AC2: آگهی اجاره دیوار | AD2: دقیق | AE2: ولنجک | AF2: A
A3: 2 | B3: 1 | C3: زعفرانیه | D3: 30377 | E3: =ROUND(D3/INDEX(مناطق!$D$2:$D$23,B3),0) -> 10410 | F3: 3.3882 | G3: =پارامترها!$B$5*F3/1000000 -> 3297.9045 | H3: 834.1 | I3: =H3*پارامترها!$B$6 -> 62557.5 | J3: 200 | K3: =I3/G3 -> 18.968864 | L3: =I3/(پارامترها!$B$5/1000000) -> 64.270304 | M3: =K3/پارامترها!$B$7 -> 63.229545 | N3: 73.77 | O3: =N3*پارامترها!$B$6*پارامترها!$B$16 -> 165.9825 | P3: =O3*12/G3*100 -> 60.395624 | Q3: =O3*12/(پارامترها!$B$5/1000000)*100 -> 204.63245 | R3: =IF(P3<=30,"قابل استطاعت",IF(P3<=50,"زیر فشار","فشار شدید")) -> فشار شدید | S3: =(1-NORMSDIST((LN(O3*12*1000000/پارامترها!$B$8)-پارامترها!$B$15)/پارامترها!$B$14))*100 -> 0.94471087 | T3: =(1-NORMSDIST((LN(I3*1000000/5)-پارامترها!$B$15)/پارامترها!$B$14))*100 -> 0.15975947 | U3: =MIN(100,پارامترها!$B$9/1000000/I3*100) -> 3.1970587 | V3: =MAX(0,I3-پارامترها!$B$9/1000000) -> 60557.5 | W3: =V3/(G3*پارامترها!$B$7) -> 61.20806 | X3: =پارامترها!$B$12/1000000/(G3/12)*100 -> 14.654848 | Y3: =ROUND(50*MIN(1,3/K3)+50*MIN(1,30/P3),1) -> 32.7 | Z3: =RANK(Y3,$Y$2:$Y$350,0) -> 38 | AA3: 87 | AB3: 84 | AC3: آگهی اجاره دیوار | AD3: دقیق | AE3: زعفرانیه | AF3: A
A4: 3 | B4: 1 | C4: محمودیه | D4: 8763 | E4: =ROUND(D4/INDEX(مناطق!$D$2:$D$23,B4),0) -> 3003 | F4: 2.8535 | G4: =پارامترها!$B$5*F4/1000000 -> 2777.4542 | H4: 706.5 | I4: =H4*پارامترها!$B$6 -> 52987.5 | J4: 179 | K4: =I4/G4 -> 19.077722 | L4: =I4/(پارامترها!$B$5/1000000) -> 54.43828 | M4: =K4/پارامترها!$B$7 -> 63.592407 | N4: 71.04 | O4: =N4*پارامترها!$B$6*پارامترها!$B$16 -> 159.84 | P4: =O4*12/G4*100 -> 69.058924 | Q4: =O4*12/(پارامترها!$B$5/1000000)*100 -> 197.05964 | R4: =IF(P4<=30,"قابل استطاعت",IF(P4<=50,"زیر فشار","فشار شدید")) -> فشار شدید | S4: =(1-NORMSDIST((LN(O4*12*1000000/پارامترها!$B$8)-پارامترها!$B$15)/پارامترها!$B$14))*100 -> 1.0392615 | T4: =(1-NORMSDIST((LN(I4*1000000/5)-پارامترها!$B$15)/پارامترها!$B$14))*100 -> 0.26280035 | U4: =MIN(100,پارامترها!$B$9/1000000/I4*100) -> 3.7744751 | V4: =MAX(0,I4-پارامترها!$B$9/1000000) -> 50987.5 | W4: =V4/(G4*پارامترها!$B$7) -> 61.192128 | X4: =پارامترها!$B$12/1000000/(G4/12)*100 -> 17.400931 | Y4: =ROUND(50*MIN(1,3/K4)+50*MIN(1,30/P4),1) -> 29.6 | Z4: =RANK(Y4,$Y$2:$Y$350,0) -> 185 | AA4: 88 | AB4: 85 | AC4: آگهی اجاره دیوار | AD4: دقیق | AE4: محمودیه | AF4: A
A5: 4 | B5: 1 | C5: فرمانیه | D5: 22574 | E5: =ROUND(D5/INDEX(مناطق!$D$2:$D$23,B5),0) -> 7736 | F5: 2.8057 | G5: =پارامترها!$B$5*F5/1000000 -> 2730.9281 | H5: 695.1 | I5: =H5*پارامترها!$B$6 -> 52132.5 | J5: 212.5 | K5: =I5/G5 -> 19.089664 | L5: =I5/(پارامترها!$B$5/1000000) -> 53.559871 | M5: =K5/پارامترها!$B$7 -> 63.632214 | N5: 54.83 | O5: =N5*پارامترها!$B$6*پارامترها!$B$16 -> 123.3675 | P5: =O5*12/G5*100 -> 54.209044 | Q5: =O5*12/(پارامترها!$B$5/1000000)*100 -> 152.09431 | R5: =IF(P5<=30,"قابل استطاعت",IF(P5<=50,"زیر فشار","فشار شدید")) -> فشار شدید | S5: =(1-NORMSDIST((LN(O5*12*1000000/پارامترها!$B$8)-پارامترها!$B$15)/پارامترها!$B$14))*100 -> 1.9398938 | T5: =(1-NORMSDIST((LN(I5*1000000/5)-پارامترها!$B$15)/پارامترها!$B$14))*100 -> 0.27559431 | U5: =MIN(100,پارامترها!$B$9/1000000/I5*100) -> 3.8363785 | V5: =MAX(0,I5-پارامترها!$B$9/1000000) -> 50132.5 | W5: =V5/(G5*پارامترها!$B$7) -> 61.191041 | X5: =پارامترها!$B$12/1000000/(G5/12)*100 -> 17.697386 | Y5: =ROUND(50*MIN(1,3/K5)+50*MIN(1,30/P5),1) -> 35.5 | Z5: =RANK(Y5,$Y$2:$Y$350,0) -> 6 | AA5: 88 | AB5: 88 | AC5: آگهی اجاره دیوار | AD5: دقیق | AE5: فرمانیه | AF5: A
A6: 5 | B6: 1 | C6: باغ فردوس | D6: 17579 | E6: =ROUND(D6/INDEX(مناطق!$D$2:$D$23,B6),0) -> 6024 | F6: 2.7875 | G6: =پارامترها!$B$5*F6/1000000 -> 2713.2131 | H6: 690.8 | I6: =H6*پارامترها!$B$6 -> 51810 | J6: 189 | K6: =I6/G6 -> 19.095441 | L6: =I6/(پارامترها!$B$5/1000000) -> 53.228541 | M6: =K6/پارامترها!$B$7 -> 63.651469 | N6: 57.61 | O6: =N6*پارامترها!$B$6*پارامترها!$B$16 -> 129.6225 | P6: =O6*12/G6*100 -> 57.329444 | Q6: =O6*12/(پارامترها!$B$5/1000000)*100 -> 159.80583 | R6: =IF(P6<=30,"قابل استطاعت",IF(P6<=50,"زیر فشار","فشار شدید")) -> فشار شدید | S6: =(1-NORMSDIST((LN(O6*12*1000000/پارامترها!$B$8)-پارامترها!$B$15)/پارامترها!$B$14))*100 -> 1.7291342 | T6: =(1-NORMSDIST((LN(I6*1000000/5)-پارامترها!$B$15)/پارامترها!$B$14))*100 -> 0.28062097 | U6: =MIN(100,پارامترها!$B$9/1000000/I6*100) -> 3.8602586 | V6: =MAX(0,I6-پارامترها!$B$9/1000000) -> 49810 | W6: =V6/(G6*پارامترها!$B$7) -> 61.194357 | X6: =پارامترها!$B$12/1000000/(G6/12)*100 -> 17.812935 | Y6: =ROUND(50*MIN(1,3/K6)+50*MIN(1,30/P6),1) -> 34 | Z6: =RANK(Y6,$Y$2:$Y$350,0) -> 26 | AA6: 13 | AB6: 21 | AC6: آگهی اجاره دیوار | AD6: دقیق | AE6: باغ فردوس | AF6: B
A7: 6 | B7: 1 | C7: حصار بوعلی | D7: 13368 | E7: =ROUND(D7/INDEX(مناطق!$D$2:$D$23,B7),0) -> 4581 | F7: 2.6982 | G7: =پارامترها!$B$5*F7/1000000 -> 2626.293 | H7: 669.3 | I7: =H7*پارامترها!$B$6 -> 50197.5 | J7: 210 | K7: =I7/G7 -> 19.113443 | L7: =I7/(پارامترها!$B$5/1000000) -> 51.571891 | M7: =K7/پارامترها!$B$7 -> 63.711475 | N7: 54.82 | O7: =N7*پارامترها!$B$6*پارامترها!$B$16 -> 123.345 | P7: =O7*12/G7*100 -> 56.358526 | Q7: =O7*12/(پارامترها!$B$5/1000000)*100 -> 152.06657 | R7: =IF(P7<=30,"قابل استطاعت",IF(P7<=50,"زیر فشار","فشار شدید")) -> فشار شدید | S7: =(1-NORMSDIST((LN(O7*12*1000000/پارامترها!$B$8)-پارامترها!$B$15)/پارامترها!$B$14))*100 -> 1.9407098 | T7: =(1-NORMSDIST((LN(I7*1000000/5)-پارامترها!$B$15)/پارامترها!$B$14))*100 -> 0.30754036 | U7: =MIN(100,پارامترها!$B$9/1000000/I7*100) -> 3.9842622 | V7: =MAX(0,I7-پارامترها!$B$9/1000000) -> 48197.5 | W7: =V7/(G7*پارامترها!$B$7) -> 61.173043 | X7: =پارامترها!$B$12/1000000/(G7/12)*100 -> 18.402474 | Y7: =ROUND(50*MIN(1,3/K7)+50*MIN(1,30/P7),1) -> 34.5 | Z7: =RANK(Y7,$Y$2:$Y$350,0) -> 17 | AA7: 87 | AB7: 78 | AC7: آگهی اجاره دیوار | AD7: دقیق | AE7: حصار بوعلی | AF7: A
A8: 7 | B8: 1 | C8: نیاوران | D8: 9791 | E8: =ROUND(D8/INDEX(مناطق!$D$2:$D$23,B8),0) -> 3355 | F8: 2.6589 | G8: =پارامترها!$B$5*F8/1000000 -> 2588.0403 | H8: 659.9 | I8: =H8*پارامترها!$B$6 -> 49492.5 | J8: 191 | K8: =I8/G8 -> 19.123543 | L8: =I8/(پارامترها!$B$5/1000000) -> 50.847588 | M8: =K8/پارامترها!$B$7 -> 63.745143 | N8: 60.42 | O8: =N8*پارامترها!$B$6*پارامترها!$B$16 -> 135.945 | P8: =O8*12/G8*100 -> 63.033794 | Q8: =O8*12/(پارامترها!$B$5/1000000)*100 -> 167.60055 | R8: =IF(P8<=30,"قابل استطاعت",IF(P8<=50,"زیر فشار","فشار شدید")) -> فشار شدید | S8: =(1-NORMSDIST((LN(O8*12*1000000/پارامترها!$B$8)-پارامترها!$B$15)/پارامترها!$B$14))*100 -> 1.5449958 | T8: =(1-NORMSDIST((LN(I8*1000000/5)-پارامترها!$B$15)/پارامترها!$B$14))*100 -> 0.3203185 | U8: =MIN(100,پارامترها!$B$9/1000000/I8*100) -> 4.0410163 | V8: =MAX(0,I8-پارامترها!$B$9/1000000) -> 47492.5 | W8: =V8/(G8*پارامترها!$B$7) -> 61.169191 | X8: =پارامترها!$B$12/1000000/(G8/12)*100 -> 18.674473 | Y8: =ROUND(50*MIN(1,3/K8)+50*MIN(1,30/P8),1) -> 31.6 | Z8: =RANK(Y8,$Y$2:$Y$350,0) -> 81 | AA8: 90 | AB8: 88 | AC8: آگهی اجاره دیوار | AD8: دستی (نام مرکب/معادل) | AE8: نیاوران | AF8: A
A9: 8 | B9: 1 | C9: جماران | D9: 8373 | E9: =ROUND(D9/INDEX(مناطق!$D$2:$D$23,B9),0) -> 2869 | F9: 2.6502 | G9: =پارامترها!$B$5*F9/1000000 -> 2579.5722 | H9: 657.8 | I9: =H9*پارامترها!$B$6 -> 49335 | J9: 175 | K9: =I9/G9 -> 19.125264 | L9: =I9/(پارامترها!$B$5/1000000) -> 50.685776 | M9: =K9/پارامترها!$B$7 -> 63.750882 | N9: 58.13 | O9: =N9*پارامترها!$B$6*پارامترها!$B$16 -> 130.7925 | P9: =O9*12/G9*100 -> 60.84381 | Q9: =O9*12/(پارامترها!$B$5/1000000)*100 -> 161.24827 | R9: =IF(P9<=30,"قابل استطاعت",IF(P9<=50,"زیر فشار","فشار شدید")) -> فشار شدید | S9: =(1-NORMSDIST((LN(O9*12*1000000/پارامترها!$B$8)-پارامترها!$B$15)/پارامترها!$B$14))*100 -> 1.6930215 | T9: =(1-NORMSDIST((LN(I9*1000000/5)-پارامترها!$B$15)/پارامترها!$B$14))*100 -> 0.32326321 | U9: =MIN(100,پارامترها!$B$9/1000000/I9*100) -> 4.0539171 | V9: =MAX(0,I9-پارامترها!$B$9/1000000) -> 47335 | W9: =V9/(G9*پارامترها!$B$7) -> 61.166474 | X9: =پارامترها!$B$12/1000000/(G9/12)*100 -> 18.735777 | Y9: =ROUND(50*MIN(1,3/K9)+50*MIN(1,30/P9),1) -> 32.5 | Z9: =RANK(Y9,$Y$2:$Y$350,0) -> 42 | AA9: 91 | AB9: 89 | AC9: آگهی اجاره دیوار | AD9: دقیق | AE9: جماران (نیاوران) | AF9: A
A10: 9 | B10: 1 | C10: امامزاده قاسم | D10: 23845 | E10: =ROUND(D10/INDEX(مناطق!$D$2:$D$23,B10),0) -> 8172 | F10: 2.6283 | G10: =پارامترها!$B$5*F10/1000000 -> 2558.2558 | H10: 652.6 | I10: =H10*پارامترها!$B$6 -> 48945 | J10: 175 | K10: =I10/G10 -> 19.132176 | L10: =I10/(پارامترها!$B$5/1000000) -> 50.285098 | M10: =K10/پارامترها!$B$7 -> 63.77392 | N10: 60.1 | O10: =N10*پارامترها!$B$6*پارامترها!$B$16 -> 135.225 | P10: =O10*12/G10*100 -> 63.429935 | Q10: =O10*12/(پارامترها!$B$5/1000000)*100 -> 166.7129 | R10: =IF(P10<=30,"قابل استطاعت",IF(P10<=50,"زیر فشار","فشار شدید")) -> فشار شدید | S10: =(1-NORMSDIST((LN(O10*12*1000000/پارامترها!$B$8)-پارامترها!$B$15)/پارامترها!$B$14))*100 -> 1.5646574 | T10: =(1-NORMSDIST((LN(I10*1000000/5)-پارامترها!$B$15)/پارامترها!$B$14))*100 -> 0.33070161 | U10: =MIN(100,پارامترها!$B$9/1000000/I10*100) -> 4.0862192 | V10: =MAX(0,I10-پارامترها!$B$9/1000000) -> 46945 | W10: =V10/(G10*پارامترها!$B$7) -> 61.167977 | X10: =پارامترها!$B$12/1000000/(G10/12)*100 -> 18.89189 | Y10: =ROUND(50*MIN(1,3/K10)+50*MIN(1,30/P10),1) -> 31.5 | Z10: =RANK(Y10,$Y$2:$Y$350,0) -> 85 | AA10: 86 | AB10: 80 | AC10: آگهی اجاره دیوار | AD10: دقیق | AE10: امام زاده قاسم (نیاوران) | AF10: A
A11: 10 | B11: 1 | C11: دزاشیب | D11: 15178 | E11: =ROUND(D11/INDEX(مناطق!$D$2:$D$23,B11),0) -> 5202 | F11: 2.5357 | G11: =پارامترها!$B$5*F11/1000000 -> 2468.1236 | H11: 630.4 | I11: =H11*پارامترها!$B$6 -> 47280 | J11: 160 | K11: =I11/G11 -> 19.156253 | L11: =I11/(پارامترها!$B$5/1000000) -> 48.574511 | M11: =K11/پارامترها!$B$7 -> 63.854177 | N11: 49.99 | O11: =N11*پارامترها!$B$6*پارامترها!$B$16 -> 112.4775 | P11: =O11*12/G11*100 -> 54.686483 | Q11: =O11*12/(پارامترها!$B$5/1000000)*100 -> 138.66852 | R11: =IF(P11<=30,"قابل استطاعت",IF(P11<=50,"زیر فشار","فشار شدید")) -> فشار شدید | S11: =(1-NORMSDIST((LN(O11*12*1000000/پارامترها!$B$8)-پارامترها!$B$15)/پارامترها!$B$14))*100 -> 2.3924068 | T11: =(1-NORMSDIST((LN(I11*1000000/5)-پارامترها!$B$15)/پارامترها!$B$14))*100 -> 0.36496995 | U11: =MIN(100,پارامترها!$B$9/1000000/I11*100) -> 4.2301184 | V11: =MAX(0,I11-پارامترها!$B$9/1000000) -> 45280 | W11: =V11/(G11*پارامترها!$B$7) -> 61.153069 | X11: =پارامترها!$B$12/1000000/(G11/12)*100 -> 19.581794 | Y11: =ROUND(50*MIN(1,3/K11)+50*MIN(1,30/P11),1) -> 35.3 | Z11: =RANK(Y11,$Y$2:$Y$350,0) -> 8 | AA11: 88 | AB11: 88 | AC11: آگهی اجاره دیوار | AD11: دقیق | AE11: دزاشیب | AF11: A
A12: 11 | B12: 1 | C12: کاشانک | D12: 30216 | E12: =ROUND(D12/INDEX(مناطق!$D$2:$D$23,B12),0) -> 10355 | F12: 2.3249 | G12: =پارامترها!$B$5*F12/1000000 -> 2262.9414 | H12: 579.7 | I12: =H12*پارامترها!$B$6 -> 43477.5 | J12: 175 | K12: =I12/G12 -> 19.212826 | L12: =I12/(پارامترها!$B$5/1000000) -> 44.6679 | M12: =K12/پارامترها!$B$7 -> 64.042754 | N12: 47.76 | O12: =N12*پارامترها!$B$6*پارامترها!$B$16 -> 107.46 | P12: =O12*12/G12*100 -> 56.984241 | Q12: =O12*12/(پارامترها!$B$5/1000000)*100 -> 132.48266 | R12: =IF(P12<=30,"قابل استطاعت",IF(P12<=50,"زیر فشار","فشار شدید")) -> فشار شدید | S12: =(1-NORMSDIST((LN(O12*12*1000000/پارامترها!$B$8)-پارامترها!$B$15)/پارامترها!$B$14))*100 -> 2.646737 | T12: =(1-NORMSDIST((LN(I12*1000000/5)-پارامترها!$B$15)/پارامترها!$B$14))*100 -> 0.46154428 | U12: =MIN(100,پارامترها!$B$9/1000000/I12*100) -> 4.6000805 | V12: =MAX(0,I12-پارامترها!$B$9/1000000) -> 41477.5 | W12: =V12/(G12*پارامترها!$B$7) -> 61.096736 | X12: =پارامترها!$B$12/1000000/(G12/12)*100 -> 21.357287 | Y12: =ROUND(50*MIN(1,3/K12)+50*MIN(1,30/P12),1) -> 34.1 | Z12: =RANK(Y12,$Y$2:$Y$350,0) -> 23 | AA12: 90 | AB12: 88 | AC12: آگهی اجاره دیوار | AD12: دقیق | AE12: کاشانک | AF12: A
A13: 12 | B13: 1 | C13: قیطریه | D13: 24680 | E13: =ROUND(D13/INDEX(مناطق!$D$2:$D$23,B13),0) -> 8458 | F13: 2.2426 | G13: =پارامترها!$B$5*F13/1000000 -> 2182.8347 | H13: 559.8 | I13: =H13*پارامترها!$B$6 -> 41985 | J13: 150 | K13: =I13/G13 -> 19.234164 | L13: =I13/(پارامترها!$B$5/1000000) -> 43.134535 | M13: =K13/پارامترها!$B$7 -> 64.113879 | N13: 48.07 | O13: =N13*پارامترها!$B$6*پارامترها!$B$16 -> 108.1575 | P13: =O13*12/G13*100 -> 59.458923 | Q13: =O13*12/(پارامترها!$B$5/1000000)*100 -> 133.34258 | R13: =IF(P13<=30,"قابل استطاعت",IF(P13<=50,"زیر فشار","فشار شدید")) -> فشار شدید | S13: =(1-NORMSDIST((LN(O13*12*1000000/پارامترها!$B$8)-پارامترها!$B$15)/پارامترها!$B$14))*100 -> 2.6093599 | T13: =(1-NORMSDIST((LN(I13*1000000/5)-پارامترها!$B$15)/پارامترها!$B$14))*100 -> 0.50809973 | U13: =MIN(100,پارامترها!$B$9/1000000/I13*100) -> 4.763606 | V13: =MAX(0,I13-پارامترها!$B$9/1000000) -> 39985 | W13: =V13/(G13*پارامترها!$B$7) -> 61.059746 | X13: =پارامترها!$B$12/1000000/(G13/12)*100 -> 22.141067 | Y13: =ROUND(50*MIN(1,3/K13)+50*MIN(1,30/P13),1) -> 33 | Z13: =RANK(Y13,$Y$2:$Y$350,0) -> 32 | AA13: 89 | AB13: 89 | AC13: آگهی اجاره دیوار | AD13: دقیق | AE13: قیطریه | AF13: A
A14: 13 | B14: 1 | C14: تجریش | D14: 14564 | E14: =ROUND(D14/INDEX(مناطق!$D$2:$D$23,B14),0) -> 4991 | F14: 2.1572 | G14: =پارامترها!$B$5*F14/1000000 -> 2099.7106 | H14: 539.2 | I14: =H14*پارامترها!$B$6 -> 40440 | J14: 131 | K14: =I14/G14 -> 19.259797 | L14: =I14/(پارامترها!$B$5/1000000) -> 41.547234 | M14: =K14/پارامترها!$B$7 -> 64.199323 | N14: 43.72 | O14: =N14*پارامترها!$B$6*پارامترها!$B$16 -> 98.37 | P14: =O14*12/G14*100 -> 56.219176 | Q14: =O14*12/(پارامترها!$B$5/1000000)*100 -> 121.27601 | R14: =IF(P14<=30,"قابل استطاعت",IF(P14<=50,"زیر فشار","فشار شدید")) -> فشار شدید | S14: =(1-NORMSDIST((LN(O14*12*1000000/پارامترها!$B$8)-پارامترها!$B$15)/پارامترها!$B$14))*100 -> 3.2036936 | T14: =(1-NORMSDIST((LN(I14*1000000/5)-پارامترها!$B$15)/پارامترها!$B$14))*100 -> 0.56267956 | U14: =MIN(100,پارامترها!$B$9/1000000/I14*100) -> 4.9455984 | V14: =MAX(0,I14-پارامترها!$B$9/1000000) -> 38440 | W14: =V14/(G14*پارامترها!$B$7) -> 61.024282 | X14: =پارامترها!$B$12/1000000/(G14/12)*100 -> 23.017595 | Y14: =ROUND(50*MIN(1,3/K14)+50*MIN(1,30/P14),1) -> 34.5 | Z14: =RANK(Y14,$Y$2:$Y$350,0) -> 17 | AA14: 82 | AB14: 58 | AC14: آگهی اجاره دیوار | AD14: دقیق | AE14: تجریش | AF14: A
A15: 14 | B15: 1 | C15: اراج | D15: 16408 | E15: =ROUND(D15/INDEX(مناطق!$D$2:$D$23,B15),0) -> 5623 | F15: 2.1284 | G15: =پارامترها!$B$5*F15/1000000 -> 2071.6781 | H15: 532.3 | I15: =H15*پارامترها!$B$6 -> 39922.5 | K15: =I15/G15 -> 19.270609 | L15: =I15/(پارامترها!$B$5/1000000) -> 41.015565 | M15: =K15/پارامترها!$B$7 -> 64.235364 | N15: 52.39 | O15: =N15*پارامترها!$B$6*پارامترها!$B$16 -> 117.8775 | P15: =O15*12/G15*100 -> 68.279429 | Q15: =O15*12/(پارامترها!$B$5/1000000)*100 -> 145.32594 | R15: =IF(P15<=30,"قابل استطاعت",IF(P15<=50,"زیر فشار","فشار شدید")) -> فشار شدید | S15: =(1-NORMSDIST((LN(O15*12*1000000/پارامترها!$B$8)-پارامترها!$B$15)/پارامترها!$B$14))*100 -> 2.1527847 | T15: =(1-NORMSDIST((LN(I15*1000000/5)-پارامترها!$B$15)/پارامترها!$B$14))*100 -> 0.58259581 | U15: =MIN(100,پارامترها!$B$9/1000000/I15*100) -> 5.0097063 | V15: =MAX(0,I15-پارامترها!$B$9/1000000) -> 37922.5 | W15: =V15/(G15*پارامترها!$B$7) -> 61.017361 | X15: =پارامترها!$B$12/1000000/(G15/12)*100 -> 23.329053 | Y15: =ROUND(50*MIN(1,3/K15)+50*MIN(1,30/P15),1) -> 29.8 | Z15: =RANK(Y15,$Y$2:$Y$350,0) -> 172 | AA15: 0 | AB15: 0 | AC15: برآورد از قیمت فروش | AD15: بدون داده (میانگین منطقه) | AE15: — | AF15: D
A16: 15 | B16: 1 | C16: کوهسار | D16: 1088 | E16: =ROUND(D16/INDEX(مناطق!$D$2:$D$23,B16),0) -> 373 | F16: 2.1284 | G16: =پارامترها!$B$5*F16/1000000 -> 2071.6781 | H16: 532.3 | I16: =H16*پارامترها!$B$6 -> 39922.5 | K16: =I16/G16 -> 19.270609 | L16: =I16/(پارامترها!$B$5/1000000) -> 41.015565 | M16: =K16/پارامترها!$B$7 -> 64.235364 | N16: 52.39 | O16: =N16*پارامترها!$B$6*پارامترها!$B$16 -> 117.8775 | P16: =O16*12/G16*100 -> 68.279429 | Q16: =O16*12/(پارامترها!$B$5/1000000)*100 -> 145.32594 | R16: =IF(P16<=30,"قابل استطاعت",IF(P16<=50,"زیر فشار","فشار شدید")) -> فشار شدید | S16: =(1-NORMSDIST((LN(O16*12*1000000/پارامترها!$B$8)-پارامترها!$B$15)/پارامترها!$B$14))*100 -> 2.1527847 | T16: =(1-NORMSDIST((LN(I16*1000000/5)-پارامترها!$B$15)/پارامترها!$B$14))*100 -> 0.58259581 | U16: =MIN(100,پارامترها!$B$9/1000000/I16*100) -> 5.0097063 | V16: =MAX(0,I16-پارامترها!$B$9/1000000) -> 37922.5 | W16: =V16/(G16*پارامترها!$B$7) -> 61.017361 | X16: =پارامترها!$B$12/1000000/(G16/12)*100 -> 23.329053 | Y16: =ROUND(50*MIN(1,3/K16)+50*MIN(1,30/P16),1) -> 29.8 | Z16: =RANK(Y16,$Y$2:$Y$350,0) -> 172 | AA16: 0 | AB16: 0 | AC16: برآورد از قیمت فروش | AD16: بدون داده (میانگین منطقه) | AE16: — | AF16: D
A17: 16 | B17: 1 | C17: حکمت | D17: 40434 | E17: =ROUND(D17/INDEX(مناطق!$D$2:$D$23,B17),0) -> 13857 | F17: 2.0514 | G17: =پارامترها!$B$5*F17/1000000 -> 1996.7302 | H17: 513.6 | I17: =H17*پارامترها!$B$6 -> 38520 | J17: 130 | K17: =I17/G17 -> 19.29154 | L17: =I17/(پارامترها!$B$5/1000000) -> 39.574665 | M17: =K17/پارامترها!$B$7 -> 64.305133 | N17: 45.53 | O17: =N17*پارامترها!$B$6*پارامترها!$B$16 -> 102.4425 | P17: =O17*12/G17*100 -> 61.566155 | Q17: =O17*12/(پارامترها!$B$5/1000000)*100 -> 126.29681 | R17: =IF(P17<=30,"قابل استطاعت",IF(P17<=50,"زیر فشار","فشار شدید")) -> فشار شدید | S17: =(1-NORMSDIST((LN(O17*12*1000000/پارامترها!$B$8)-پارامترها!$B$15)/پارامترها!$B$14))*100 -> 2.9370816 | T17: =(1-NORMSDIST((LN(I17*1000000/5)-پارامترها!$B$15)/پارامترها!$B$14))*100 -> 0.64121526 | U17: =MIN(100,پارامترها!$B$9/1000000/I17*100) -> 5.192108 | V17: =MAX(0,I17-پارامترها!$B$9/1000000) -> 36520 | W17: =V17/(G17*پارامترها!$B$7) -> 60.966341 | X17: =پارامترها!$B$12/1000000/(G17/12)*100 -> 24.204717 | Y17: =ROUND(50*MIN(1,3/K17)+50*MIN(1,30/P17),1) -> 32.1 | Z17: =RANK(Y17,$Y$2:$Y$350,0) -> 58 | AA17: 91 | AB17: 91 | AC17: آگهی اجاره دیوار | AD17: دقیق | AE17: حکمت | AF17: A
A18: 17 | B18: 1 | C18: چیذر | D18: 18995 | E18: =ROUND(D18/INDEX(مناطق!$D$2:$D$23,B18),0) -> 6510 | F18: 1.8682 | G18: =پارامترها!$B$5*F18/1000000 -> 1818.4125 | H18: 469.2 | I18: =H18*پارامترها!$B$6 -> 35190 | J18: 135 | K18: =I18/G18 -> 19.352045 | L18: =I18/(پارامترها!$B$5/1000000) -> 36.153491 | M18: =K18/پارامترها!$B$7 -> 64.506817 | N18: 38.32 | O18: =N18*پارامترها!$B$6*پارامترها!$B$16 -> 86.22 | P18: =O18*12/G18*100 -> 56.897982 | Q18: =O18*12/(پارامترها!$B$5/1000000)*100 -> 106.29681 | R18: =IF(P18<=30,"قابل استطاعت",IF(P18<=50,"زیر فشار","فشار شدید")) -> فشار شدید | S18: =(1-NORMSDIST((LN(O18*12*1000000/پارامترها!$B$8)-پارامترها!$B$15)/پارامترها!$B$14))*100 -> 4.2112005 | T18: =(1-NORMSDIST((LN(I18*1000000/5)-پارامترها!$B$15)/پارامترها!$B$14))*100 -> 0.81328877 | U18: =MIN(100,پارامترها!$B$9/1000000/I18*100) -> 5.6834328 | V18: =MAX(0,I18-پارامترها!$B$9/1000000) -> 33190 | W18: =V18/(G18*پارامترها!$B$7) -> 60.840615 | X18: =پارامترها!$B$12/1000000/(G18/12)*100 -> 26.578287 | Y18: =ROUND(50*MIN(1,3/K18)+50*MIN(1,30/P18),1) -> 34.1 | Z18: =RANK(Y18,$Y$2:$Y$350,0) -> 23 | AA18: 78 | AB18: 61 | AC18: آگهی اجاره دیوار | AD18: دقیق | AE18: چیذر | AF18: A
A19: 18 | B19: 1 | C19: ازگل | D19: 25362 | E19: =ROUND(D19/INDEX(مناطق!$D$2:$D$23,B19),0) -> 8692 | F19: 1.7436 | G19: =پارامترها!$B$5*F19/1000000 -> 1697.1331 | H19: 439 | I19: =H19*پارامترها!$B$6 -> 32925 | J19: 130 | K19: =I19/G19 -> 19.400365 | L19: =I19/(پارامترها!$B$5/1000000) -> 33.826476 | M19: =K19/پارامترها!$B$7 -> 64.667882 | N19: 41.26 | O19: =N19*پارامترها!$B$6*پارامترها!$B$16 -> 92.835 | P19: =O19*12/G19*100 -> 65.641288 | Q19: =O19*12/(پارامترها!$B$5/1000000)*100 -> 114.45215 | R19: =IF(P19<=30,"قابل استطاعت",IF(P19<=50,"زیر فشار","فشار شدید")) -> فشار شدید | S19: =(1-NORMSDIST((LN(O19*12*1000000/پارامترها!$B$8)-پارامترها!$B$15)/پارامترها!$B$14))*100 -> 3.6186514 | T19: =(1-NORMSDIST((LN(I19*1000000/5)-پارامترها!$B$15)/پارامترها!$B$14))*100 -> 0.96463558 | U19: =MIN(100,پارامترها!$B$9/1000000/I19*100) -> 6.0744115 | V19: =MAX(0,I19-پارامترها!$B$9/1000000) -> 30925 | W19: =V19/(G19*پارامترها!$B$7) -> 60.739688 | X19: =پارامترها!$B$12/1000000/(G19/12)*100 -> 28.477607 | Y19: =ROUND(50*MIN(1,3/K19)+50*MIN(1,30/P19),1) -> 30.6 | Z19: =RANK(Y19,$Y$2:$Y$350,0) -> 123 | AA19: 86 | AB19: 91 | AC19: آگهی اجاره دیوار | AD19: دقیق | AE19: ازگل | AF19: A
A20: 19 | B20: 1 | C20: اوین | D20: 8226 | E20: =ROUND(D20/INDEX(مناطق!$D$2:$D$23,B20),0) -> 2819 | F20: 1.7227 | G20: =پارامترها!$B$5*F20/1000000 -> 1676.79 | H20: 433.9 | I20: =H20*پارامترها!$B$6 -> 32542.5 | J20: 115 | K20: =I20/G20 -> 19.407618 | L20: =I20/(پارامترها!$B$5/1000000) -> 33.433503 | M20: =K20/پارامترها!$B$7 -> 64.692059 | N20: 39.95 | O20: =N20*پارامترها!$B$6*پارامترها!$B$16 -> 89.8875 | P20: =O20*12/G20*100 -> 64.328268 | Q20: =O20*12/(پارامترها!$B$5/1000000)*100 -> 110.81831 | R20: =IF(P20<=30,"قابل استطاعت",IF(P20<=50,"زیر فشار","فشار شدید")) -> فشار شدید | S20: =(1-NORMSDIST((LN(O20*12*1000000/پارامترها!$B$8)-پارامترها!$B$15)/پارامترها!$B$14))*100 -> 3.8683066 | T20: =(1-NORMSDIST((LN(I20*1000000/5)-پارامترها!$B$15)/پارامترها!$B$14))*100 -> 0.99361959 | U20: =MIN(100,پارامترها!$B$9/1000000/I20*100) -> 6.1458093 | V20: =MAX(0,I20-پارامترها!$B$9/1000000) -> 30542.5 | W20: =V20/(G20*پارامترها!$B$7) -> 60.716208 | X20: =پارامترها!$B$12/1000000/(G20/12)*100 -> 28.823101 | Y20: =ROUND(50*MIN(1,3/K20)+50*MIN(1,30/P20),1) -> 31 | Z20: =RANK(Y20,$Y$2:$Y$350,0) -> 103 | AA20: 50 | AB20: 74 | AC20: آگهی اجاره دیوار | AD20: دقیق | AE20: اوین | AF20: A
A21: 20 | B21: 1 | C21: دربند | D21: 11282 | E21: =ROUND(D21/INDEX(مناطق!$D$2:$D$23,B21),0) -> 3866 | F21: 1.698 | G21: =پارامترها!$B$5*F21/1000000 -> 1652.7483 | H21: 427.9 | I21: =H21*پارامترها!$B$6 -> 32092.5 | J21: 119 | K21: =I21/G21 -> 19.417657 | L21: =I21/(پارامترها!$B$5/1000000) -> 32.971182 | M21: =K21/پارامترها!$B$7 -> 64.725524 | N21: 39.66 | O21: =N21*پارامترها!$B$6*پارامترها!$B$16 -> 89.235 | P21: =O21*12/G21*100 -> 64.790265 | Q21: =O21*12/(پارامترها!$B$5/1000000)*100 -> 110.01387 | R21: =IF(P21<=30,"قابل استطاعت",IF(P21<=50,"زیر فشار","فشار شدید")) -> فشار شدید | S21: =(1-NORMSDIST((LN(O21*12*1000000/پارامترها!$B$8)-پارامترها!$B$15)/پارامترها!$B$14))*100 -> 3.9265795 | T21: =(1-NORMSDIST((LN(I21*1000000/5)-پارامترها!$B$15)/پارامترها!$B$14))*100 -> 1.0291482 | U21: =MIN(100,پارامترها!$B$9/1000000/I21*100) -> 6.2319857 | V21: =MAX(0,I21-پارامترها!$B$9/1000000) -> 30092.5 | W21: =V21/(G21*پارامترها!$B$7) -> 60.691839 | X21: =پارامترها!$B$12/1000000/(G21/12)*100 -> 29.242377 | Y21: =ROUND(50*MIN(1,3/K21)+50*MIN(1,30/P21),1) -> 30.9 | Z21: =RANK(Y21,$Y$2:$Y$350,0) -> 109 | AA21: 46 | AB21: 63 | AC21: آگهی اجاره دیوار | AD21: دقیق | AE21: دربند | AF21: A
A22: 21 | B22: 1 | C22: دانشگاه - گلها | D22: 3048 | E22: =ROUND(D22/INDEX(مناطق!$D$2:$D$23,B22),0) -> 1045 | F22: 1.6889 | G22: =پارامترها!$B$5*F22/1000000 -> 1643.8908 | H22: 425.7 | I22: =H22*پارامترها!$B$6 -> 31927.5 | J22: 110 | K22: =I22/G22 -> 19.42191 | L22: =I22/(پارامترها!$B$5/1000000) -> 32.801664 | M22: =K22/پارامترها!$B$7 -> 64.739701 | N22: 32.4 | O22: =N22*پارامترها!$B$6*پارامترها!$B$16 -> 72.9 | P22: =O22*12/G22*100 -> 53.215213 | Q22: =O22*12/(پارامترها!$B$5/1000000)*100 -> 89.875173 | R22: =IF(P22<=30,"قابل استطاعت",IF(P22<=50,"زیر فشار","فشار شدید")) -> فشار شدید | S22: =(1-NORMSDIST((LN(O22*12*1000000/پارامترها!$B$8)-پارامترها!$B$15)/پارامترها!$B$14))*100 -> 5.8487477 | T22: =(1-NORMSDIST((LN(I22*1000000/5)-پارامترها!$B$15)/پارامترها!$B$14))*100 -> 1.0425785 | U22: =MIN(100,پارامترها!$B$9/1000000/I22*100) -> 6.2641923 | V22: =MAX(0,I22-پارامترها!$B$9/1000000) -> 29927.5 | W22: =V22/(G22*پارامترها!$B$7) -> 60.684282 | X22: =پارامترها!$B$12/1000000/(G22/12)*100 -> 29.399938 | Y22: =ROUND(50*MIN(1,3/K22)+50*MIN(1,30/P22),1) -> 35.9 | Z22: =RANK(Y22,$Y$2:$Y$350,0) -> 5 | AA22: 29 | AB22: 21 | AC22: آگهی اجاره دیوار | AD22: دستی (نام مرکب/معادل) | AE22: شهرک گلها | AF22: B
A23: 22 | B23: 1 | C23: درکه | D23: 6719 | E23: =ROUND(D23/INDEX(مناطق!$D$2:$D$23,B23),0) -> 2303 | F23: 1.6465 | G23: =پارامترها!$B$5*F23/1000000 -> 1602.6208 | H23: 415.3 | I23: =H23*پارامترها!$B$6 -> 31147.5 | J23: 130 | K23: =I23/G23 -> 19.435353 | L23: =I23/(پارامترها!$B$5/1000000) -> 32.000308 | M23: =K23/پارامترها!$B$7 -> 64.784509 | N23: 31.37 | O23: =N23*پارامترها!$B$6*پارامترها!$B$16 -> 70.5825 | P23: =O23*12/G23*100 -> 52.850307 | Q23: =O23*12/(پارامترها!$B$5/1000000)*100 -> 87.018031 | R23: =IF(P23<=30,"قابل استطاعت",IF(P23<=50,"زیر فشار","فشار شدید")) -> فشار شدید | S23: =(1-NORMSDIST((LN(O23*12*1000000/پارامترها!$B$8)-پارامترها!$B$15)/پارامترها!$B$14))*100 -> 6.2150151 | T23: =(1-NORMSDIST((LN(I23*1000000/5)-پارامترها!$B$15)/پارامترها!$B$14))*100 -> 1.109168 | U23: =MIN(100,پارامترها!$B$9/1000000/I23*100) -> 6.4210611 | V23: =MAX(0,I23-پارامترها!$B$9/1000000) -> 29147.5 | W23: =V23/(G23*پارامترها!$B$7) -> 60.624656 | X23: =پارامترها!$B$12/1000000/(G23/12)*100 -> 30.157034 | Y23: =ROUND(50*MIN(1,3/K23)+50*MIN(1,30/P23),1) -> 36.1 | Z23: =RANK(Y23,$Y$2:$Y$350,0) -> 4 | AA23: 50 | AB23: 55 | AC23: آگهی اجاره دیوار | AD23: دقیق | AE23: درکه | AF23: A
A24: 23 | B24: 1 | C24: شهرک نفت | D24: 24137 | E24: =ROUND(D24/INDEX(مناطق!$D$2:$D$23,B24),0) -> 8272 | F24: 1.5836 | G24: =پارامترها!$B$5*F24/1000000 -> 1541.3971 | H24: 400 | I24: =H24*پارامترها!$B$6 -> 30000 | J24: 120 | K24: =I24/G24 -> 19.462863 | L24: =I24/(پارامترها!$B$5/1000000) -> 30.82139 | M24: =K24/پارامترها!$B$7 -> 64.87621 | N24: 34.91 | O24: =N24*پارامترها!$B$6*پارامترها!$B$16 -> 78.5475 | P24: =O24*12/G24*100 -> 61.15037 | Q24: =O24*12/(پارامترها!$B$5/1000000)*100 -> 96.837725 | R24: =IF(P24<=30,"قابل استطاعت",IF(P24<=50,"زیر فشار","فشار شدید")) -> فشار شدید | S24: =(1-NORMSDIST((LN(O24*12*1000000/پارامترها!$B$8)-پارامترها!$B$15)/پارامترها!$B$14))*100 -> 5.0676074 | T24: =(1-NORMSDIST((LN(I24*1000000/5)-پارامترها!$B$15)/پارامترها!$B$14))*100 -> 1.2172874 | U24: =MIN(100,پارامترها!$B$9/1000000/I24*100) -> 6.6666667 | V24: =MAX(0,I24-پارامترها!$B$9/1000000) -> 28000 | W24: =V24/(G24*پارامترها!$B$7) -> 60.55113 | X24: =پارامترها!$B$12/1000000/(G24/12)*100 -> 31.35486 | Y24: =ROUND(50*MIN(1,3/K24)+50*MIN(1,30/P24),1) -> 32.2 | Z24: =RANK(Y24,$Y$2:$Y$350,0) -> 53 | AA24: 80 | AB24: 85 | AC24: آگهی اجاره دیوار | AD24: دستی (نام مرکب/معادل) | AE24: مینی‌سیتی (شهرک نفت) | AF24: A
A25: 24 | B25: 1 | C25: دارآباد | D25: 15236 | E25: =ROUND(D25/INDEX(مناطق!$D$2:$D$23,B25),0) -> 5221 | F25: 1.5833 | G25: =پارامترها!$B$5*F25/1000000 -> 1541.1051 | H25: 399.9 | I25: =H25*پارامترها!$B$6 -> 29992.5 | J25: 100 | K25: =I25/G25 -> 19.461684 | L25: =I25/(پارامترها!$B$5/1000000) -> 30.813685 | M25: =K25/پارامترها!$B$7 -> 64.872281 | N25: 37.99 | O25: =N25*پارامترها!$B$6*پارامترها!$B$16 -> 85.4775 | P25: =O25*12/G25*100 -> 66.558084 | Q25: =O25*12/(پارامترها!$B$5/1000000)*100 -> 105.38141 | R25: =IF(P25<=30,"قابل استطاعت",IF(P25<=50,"زیر فشار","فشار شدید")) -> فشار شدید | S25: =(1-NORMSDIST((LN(O25*12*1000000/پارامترها!$B$8)-پارامترها!$B$15)/پارامترها!$B$14))*100 -> 4.2853907 | T25: =(1-NORMSDIST((LN(I25*1000000/5)-پارامترها!$B$15)/پارامترها!$B$14))*100 -> 1.2180372 | U25: =MIN(100,پارامترها!$B$9/1000000/I25*100) -> 6.6683338 | V25: =MAX(0,I25-پارامترها!$B$9/1000000) -> 27992.5 | W25: =V25/(G25*پارامترها!$B$7) -> 60.546381 | X25: =پارامترها!$B$12/1000000/(G25/12)*100 -> 31.360801 | Y25: =ROUND(50*MIN(1,3/K25)+50*MIN(1,30/P25),1) -> 30.2 | Z25: =RANK(Y25,$Y$2:$Y$350,0) -> 156 | AA25: 81 | AB25: 91 | AC25: آگهی اجاره دیوار | AD25: دقیق | AE25: دارآباد | AF25: A
A26: 25 | B26: 1 | C26: سوهانک | D26: 22829 | E26: =ROUND(D26/INDEX(مناطق!$D$2:$D$23,B26),0) -> 7824 | F26: 1.5563 | G26: =پارامترها!$B$5*F26/1000000 -> 1514.8246 | H26: 393.3 | I26: =H26*پارامترها!$B$6 -> 29497.5 | J26: 125 | K26: =I26/G26 -> 19.472551 | L26: =I26/(پارامترها!$B$5/1000000) -> 30.305132 | M26: =K26/پارامترها!$B$7 -> 64.908505 | N26: 31.83 | O26: =N26*پارامترها!$B$6*پارامترها!$B$16 -> 71.6175 | P26: =O26*12/G26*100 -> 56.733301 | Q26: =O26*12/(پارامترها!$B$5/1000000)*100 -> 88.294036 | R26: =IF(P26<=30,"قابل استطاعت",IF(P26<=50,"زیر فشار","فشار شدید")) -> فشار شدید | S26: =(1-NORMSDIST((LN(O26*12*1000000/پارامترها!$B$8)-پارامترها!$B$15)/پارامترها!$B$14))*100 -> 6.0478194 | T26: =(1-NORMSDIST((LN(I26*1000000/5)-پارامترها!$B$15)/پارامترها!$B$14))*100 -> 1.2688498 | U26: =MIN(100,پارامترها!$B$9/1000000/I26*100) -> 6.7802356 | V26: =MAX(0,I26-پارامترها!$B$9/1000000) -> 27497.5 | W26: =V26/(G26*پارامترها!$B$7) -> 60.507555 | X26: =پارامترها!$B$12/1000000/(G26/12)*100 -> 31.904874 | Y26: =ROUND(50*MIN(1,3/K26)+50*MIN(1,30/P26),1) -> 34.1 | Z26: =RANK(Y26,$Y$2:$Y$350,0) -> 23 | AA26: 89 | AB26: 88 | AC26: آگهی اجاره دیوار | AD26: دقیق | AE26: سوهانک | AF26: A
A27: 26 | B27: 1 | C27: شهرک محلاتی | D27: 32186 | E27: =ROUND(D27/INDEX(مناطق!$D$2:$D$23,B27),0) -> 11030 | F27: 1.4089 | G27: =پارامترها!$B$5*F27/1000000 -> 1371.3528 | H27: 357.3 | I27: =H27*پارامترها!$B$6 -> 26797.5 | J27: 115 | K27: =I27/G27 -> 19.540923 | L27: =I27/(پارامترها!$B$5/1000000) -> 27.531207 | M27: =K27/پارامترها!$B$7 -> 65.136411 | N27: 28.23 | O27: =N27*پارامترها!$B$6*پارامترها!$B$16 -> 63.5175 | P27: =O27*12/G27*100 -> 55.580883 | Q27: =O27*12/(پارامترها!$B$5/1000000)*100 -> 78.307906 | R27: =IF(P27<=30,"قابل استطاعت",IF(P27<=50,"زیر فشار","فشار شدید")) -> فشار شدید | S27: =(1-NORMSDIST((LN(O27*12*1000000/پارامترها!$B$8)-پارامترها!$B$15)/پارامترها!$B$14))*100 -> 7.5360659 | T27: =(1-NORMSDIST((LN(I27*1000000/5)-پارامترها!$B$15)/پارامترها!$B$14))*100 -> 1.5992044 | U27: =MIN(100,پارامترها!$B$9/1000000/I27*100) -> 7.4633828 | V27: =MAX(0,I27-پارامترها!$B$9/1000000) -> 24797.5 | W27: =V27/(G27*پارامترها!$B$7) -> 60.275031 | X27: =پارامترها!$B$12/1000000/(G27/12)*100 -> 35.242782 | Y27: =ROUND(50*MIN(1,3/K27)+50*MIN(1,30/P27),1) -> 34.7 | Z27: =RANK(Y27,$Y$2:$Y$350,0) -> 14 | AA27: 56 | AB27: 45 | AC27: آگهی اجاره دیوار | AD27: دقیق | AE27: شهرک محلاتی | AF27: A
A28: 27 | B28: 1 | C28: گلابدره | D28: 14224 | E28: =ROUND(D28/INDEX(مناطق!$D$2:$D$23,B28),0) -> 4875 | F28: 1.142 | G28: =پارامترها!$B$5*F28/1000000 -> 1111.5657 | H28: 291.7 | I28: =H28*پارامترها!$B$6 -> 21877.5 | J28: 80 | K28: =I28/G28 -> 19.681698 | L28: =I28/(پارامترها!$B$5/1000000) -> 22.476499 | M28: =K28/پارامترها!$B$7 -> 65.605659 | N28: 26.31 | O28: =N28*پارامترها!$B$6*پارامترها!$B$16 -> 59.1975 | P28: =O28*12/G28*100 -> 63.907154 | Q28: =O28*12/(پارامترها!$B$5/1000000)*100 -> 72.981969 | R28: =IF(P28<=30,"قابل استطاعت",IF(P28<=50,"زیر فشار","فشار شدید")) -> فشار شدید | S28: =(1-NORMSDIST((LN(O28*12*1000000/پارامترها!$B$8)-پارامترها!$B$15)/پارامترها!$B$14))*100 -> 8.530999 | T28: =(1-NORMSDIST((LN(I28*1000000/5)-پارامترها!$B$15)/پارامترها!$B$14))*100 -> 2.5450912 | U28: =MIN(100,پارامترها!$B$9/1000000/I28*100) -> 9.1418124 | V28: =MAX(0,I28-پارامترها!$B$9/1000000) -> 19877.5 | W28: =V28/(G28*پارامترها!$B$7) -> 59.608113 | X28: =پارامترها!$B$12/1000000/(G28/12)*100 -> 43.479471 | Y28: =ROUND(50*MIN(1,3/K28)+50*MIN(1,30/P28),1) -> 31.1 | Z28: =RANK(Y28,$Y$2:$Y$350,0) -> 95 | AA28: 17 | AB28: 10 | AC28: آگهی اجاره دیوار | AD28: دقیق | AE28: گلاب دره | AF28: B
... A37: 36 | B37: 2 | C37: مرزداران شرقی | D37: 42043 | E37: =ROUND(D37/INDEX(مناطق!$D$2:$D$23,B37),0) -> 14387 | F37: 1.6297 | G37: =پارامترها!$B$5*F37/1000000 -> 1586.2685 | H37: 410.6 | I37: =H37*پارامترها!$B$6 -> 30795 | J37: 103 | K37: =I37/G37 -> 19.413485 | L37: =I37/(پارامترها!$B$5/1000000) -> 31.638157 | M37: =K37/پارامترها!$B$7 -> 64.711617 | N37: 33.09 | O37: =N37*پارامترها!$B$6*پارامترها!$B$16 -> 74.4525 | P37: =O37*12/G37*100 -> 56.322748 | Q37: =O37*12/(پارامترها!$B$5/1000000)*100 -> 91.789182 | R37: =IF(P37<=30,"قابل استطاعت",IF(P37<=50,"زیر فشار","فشار شدید")) -> فشار شدید | S37: =(1-NORMSDIST((LN(O37*12*1000000/پارامترها!$B$8)-پارامترها!$B$15)/پارامترها!$B$14))*100 -> 5.6191221 | T37: =(1-NORMSDIST((LN(I37*1000000/5)-پارامترها!$B$15)/پارامترها!$B$14))*100 -> 1.1410331 | U37: =MIN(100,پارامترها!$B$9/1000000/I37*100) -> 6.4945608 | V37: =MAX(0,I37-پارامترها!$B$9/1000000) -> 28795 | W37: =V37/(G37*پارامترها!$B$7) -> 60.508882 | X37: =پارامترها!$B$12/1000000/(G37/12)*100 -> 30.467912 | Y37: =ROUND(50*MIN(1,3/K37)+50*MIN(1,30/P37),1) -> 34.4 | Z37: =RANK(Y37,$Y$2:$Y$350,0) -> 20 | AA37: 89 | AB37: 93 | AC37: آگهی اجاره دیوار | AD37: دستی (نام مرکب/معادل) | AE37: مرزداران | AF37: A
A38: 37 | B38: 2 | C38: سپهر | D38: 33619 | E38: =ROUND(D38/INDEX(مناطق!$D$2:$D$23,B38),0) -> 11504 | F38: 1.6107 | G38: =پارامترها!$B$5*F38/1000000 -> 1567.7748 | H38: 406 | I38: =H38*پارامترها!$B$6 -> 30450 | K38: =I38/G38 -> 19.422432 | L38: =I38/(پارامترها!$B$5/1000000) -> 31.283711 | M38: =K38/پارامترها!$B$7 -> 64.741439 | N38: 39.96 | O38: =N38*پارامترها!$B$6*پارامترها!$B$16 -> 89.91 | P38: =O38*12/G38*100 -> 68.818555 | Q38: =O38*12/(پارامترها!$B$5/1000000)*100 -> 110.84605 | R38: =IF(P38<=30,"قابل استطاعت",IF(P38<=50,"زیر فشار","فشار شدید")) -> فشار شدید | S38: =(1-NORMSDIST((LN(O38*12*1000000/پارامترها!$B$8)-پارامترها!$B$15)/پارامترها!$B$14))*100 -> 3.8663173 | T38: =(1-NORMSDIST((LN(I38*1000000/5)-پارامترها!$B$15)/پارامترها!$B$14))*100 -> 1.1733557 | U38: =MIN(100,پارامترها!$B$9/1000000/I38*100) -> 6.5681445 | V38: =MAX(0,I38-پارامترها!$B$9/1000000) -> 28450 | W38: =V38/(G38*پارامترها!$B$7) -> 60.489128 | X38: =پارامترها!$B$12/1000000/(G38/12)*100 -> 30.827315 | Y38: =ROUND(50*MIN(1,3/K38)+50*MIN(1,30/P38),1) -> 29.5 | Z38: =RANK(Y38,$Y$2:$Y$350,0) -> 194 | AA38: 0 | AB38: 0 | AC38: برآورد از قیمت فروش | AD38: بدون داده (میانگین منطقه) | AE38: — | AF38: D
A39: 38 | B39: 2 | C39: شهرک قدس | D39: 29776 | E39: =ROUND(D39/INDEX(مناطق!$D$2:$D$23,B39),0) -> 10189 | F39: 1.6107 | G39: =پارامترها!$B$5*F39/1000000 -> 1567.7748 | H39: 406 | I39: =H39*پارامترها!$B$6 -> 30450 | K39: =I39/G39 -> 19.422432 | L39: =I39/(پارامترها!$B$5/1000000) -> 31.283711 | M39: =K39/پارامترها!$B$7 -> 64.741439 | N39: 39.96 | O39: =N39*پارامترها!$B$6*پارامترها!$B$16 -> 89.91 | P39: =O39*12/G39*100 -> 68.818555 | Q39: =O39*12/(پارامترها!$B$5/1000000)*100 -> 110.84605 | R39: =IF(P39<=30,"قابل استطاعت",IF(P39<=50,"زیر فشار","فشار شدید")) -> فشار شدید | S39: =(1-NORMSDIST((LN(O39*12*1000000/پارامترها!$B$8)-پارامترها!$B$15)/پارامترها!$B$14))*100 -> 3.8663173 | T39: =(1-NORMSDIST((LN(I39*1000000/5)-پارامترها!$B$15)/پارامترها!$B$14))*100 -> 1.1733557 | U39: =MIN(100,پارامترها!$B$9/1000000/I39*100) -> 6.5681445 | V39: =MAX(0,I39-پارامترها!$B$9/1000000) -> 28450 | W39: =V39/(G39*پارامترها!$B$7) -> 60.489128 | X39: =پارامترها!$B$12/1000000/(G39/12)*100 -> 30.827315 | Y39: =ROUND(50*MIN(1,3/K39)+50*MIN(1,30/P39),1) -> 29.5 | Z39: =RANK(Y39,$Y$2:$Y$350,0) -> 194 | AA39: 0 | AB39: 0 | AC39: برآورد از قیمت فروش | AD39: بدون داده (میانگین منطقه) | AE39: — | AF39: D
A40: 39 | B40: 2 | C40: تیموری | D40: 17555 | E40: =ROUND(D40/INDEX(مناطق!$D$2:$D$23,B40),0) -> 6007 | F40: 1.6107 | G40: =پارامترها!$B$5*F40/1000000 -> 1567.7748 | H40: 406 | I40: =H40*پارامترها!$B$6 -> 30450 | K40: =I40/G40 -> 19.422432 | L40: =I40/(پارامترها!$B$5/1000000) -> 31.283711 | M40: =K40/پارامترها!$B$7 -> 64.741439 | N40: 39.96 | O40: =N40*پارامترها!$B$6*پارامترها!$B$16 -> 89.91 | P40: =O40*12/G40*100 -> 68.818555 | Q40: =O40*12/(پارامترها!$B$5/1000000)*100 -> 110.84605 | R40: =IF(P40<=30,"قابل استطاعت",IF(P40<=50,"زیر فشار","فشار شدید")) -> فشار شدید | S40: =(1-NORMSDIST((LN(O40*12*1000000/پارامترها!$B$8)-پارامترها!$B$15)/پارامترها!$B$14))*100 -> 3.8663173 | T40: =(1-NORMSDIST((LN(I40*1000000/5)-پارامترها!$B$15)/پارامترها!$B$14))*100 -> 1.1733557 | U40: =MIN(100,پارامترها!$B$9/1000000/I40*100) -> 6.5681445 | V40: =MAX(0,I40-پارامترها!$B$9/1000000) -> 28450 | W40: =V40/(G40*پارامترها!$B$7) -> 60.489128 | X40: =پارامترها!$B$12/1000000/(G40/12)*100 -> 30.827315 | Y40: =ROUND(50*MIN(1,3/K40)+50*MIN(1,30/P40),1) -> 29.5 | Z40: =RANK(Y40,$Y$2:$Y$350,0) -> 194 | AA40: 0 | AB40: 0 | AC40: برآورد از قیمت فروش | AD40: بدون داده (میانگین منطقه) | AE40: — | AF40: D
A41: 40 | B41: 2 | C41: پونک | D41: 25981 | E41: =ROUND(D41/INDEX(مناطق!$D$2:$D$23,B41),0) -> 8890 | F41: 1.51 | G41: =پارامترها!$B$5*F41/1000000 -> 1469.7585 | H41: 381.5 | I41: =H41*پارامترها!$B$6 -> 28612.5 | J41: 87.5 | K41: =I41/G41 -> 19.467484 | L41: =I41/(پارامترها!$B$5/1000000) -> 29.395901 | M41: =K41/پارامترها!$B$7 -> 64.891613 | N41: 33.08 | O41: =N41*پارامترها!$B$6*پارامترها!$B$16 -> 74.43 | P41: =O41*12/G41*100 -> 60.769167 | Q41: =O41*12/(پارامترها!$B$5/1000000)*100 -> 91.761442 | R41: =IF(P41<=30,"قابل استطاعت",IF(P41<=50,"زیر فشار","فشار شدید")) -> فشار شدید | S41: =(1-NORMSDIST((LN(O41*12*1000000/پارامترها!$B$8)-پارامترها!$B$15)/پارامترها!$B$14))*100 -> 5.6223647 | T41: =(1-NORMSDIST((LN(I41*1000000/5)-پارامترها!$B$15)/پارامترها!$B$14))*100 -> 1.3666217 | U41: =MIN(100,پارامترها!$B$9/1000000/I41*100) -> 6.9899519 | V41: =MAX(0,I41-پارامترها!$B$9/1000000) -> 26612.5 | W41: =V41/(G41*پارامترها!$B$7) -> 60.355721 | X41: =پارامترها!$B$12/1000000/(G41/12)*100 -> 32.88315 | Y41: =ROUND(50*MIN(1,3/K41)+50*MIN(1,30/P41),1) -> 32.4 | Z41: =RANK(Y41,$Y$2:$Y$350,0) -> 47 | AA41: 90 | AB41: 89 | AC41: آگهی اجاره دیوار | AD41: دقیق | AE41: پونک | AF41: A
A42: 41 | B42: 2 | C42: پرواز | D42: 13348 | E42: =ROUND(D42/INDEX(مناطق!$D$2:$D$23,B42),0) -> 4568 | F42: 1.3728 | G42: =پارامترها!$B$5*F42/1000000 -> 1336.2149 | H42: 347.9 | I42: =H42*پارامترها!$B$6 -> 26092.5 | J42: 102 | K42: =I42/G42 -> 19.527174 | L42: =I42/(پارامترها!$B$5/1000000) -> 26.806904 | M42: =K42/پارامترها!$B$7 -> 65.090579 | N42: 41.16 | O42: =N42*پارامترها!$B$6*پارامترها!$B$16 -> 92.61 | P42: =O42*12/G42*100 -> 83.169258 | Q42: =O42*12/(پارامترها!$B$5/1000000)*100 -> 114.17476 | R42: =IF(P42<=30,"قابل استطاعت",IF(P42<=50,"زیر فشار","فشار شدید")) -> فشار شدید | S42: =(1-NORMSDIST((LN(O42*12*1000000/پارامترها!$B$8)-پارامترها!$B$15)/پارامترها!$B$14))*100 -> 3.6369571 | T42: =(1-NORMSDIST((LN(I42*1000000/5)-پارامترها!$B$15)/پارامترها!$B$14))*100 -> 1.7031086 | U42: =MIN(100,پارامترها!$B$9/1000000/I42*100) -> 7.6650378 | V42: =MAX(0,I42-پارامترها!$B$9/1000000) -> 24092.5 | W42: =V42/(G42*پارامترها!$B$7) -> 60.101361 | X42: =پارامترها!$B$12/1000000/(G42/12)*100 -> 36.169548 | Y42: =ROUND(50*MIN(1,3/K42)+50*MIN(1,30/P42),1) -> 25.7 | Z42: =RANK(Y42,$Y$2:$Y$350,0) -> 313 | AA42: 25 | AB42: 30 | AC42: آگهی اجاره دیوار | AD42: دستی (نام مرکب/معادل) | AE42: پرواز | AF42: B
A43: 42 | B43: 2 | C43: شهر آرا | D43: 36305 | E43: =ROUND(D43/INDEX(مناطق!$D$2:$D$23,B43),0) -> 12423 | F43: 1.3527 | G43: =پارامترها!$B$5*F43/1000000 -> 1316.6505 | H43: 343 | I43: =H43*پارامترها!$B$6 -> 25725 | J43: 108 | K43: =I43/G43 -> 19.538214 | L43: =I43/(پارامترها!$B$5/1000000) -> 26.429342 | M43: =K43/پارامترها!$B$7 -> 65.12738 | N43: 27.03 | O43: =N43*پارامترها!$B$6*پارامترها!$B$16 -> 60.8175 | P43: =O43*12/G43*100 -> 55.429286 | Q43: =O43*12/(پارامترها!$B$5/1000000)*100 -> 74.979196 | R43: =IF(P43<=30,"قابل استطاعت",IF(P43<=50,"زیر فشار","فشار شدید")) -> فشار شدید | S43: =(1-NORMSDIST((LN(O43*12*1000000/پارامترها!$B$8)-پارامترها!$B$15)/پارامترها!$B$14))*100 -> 8.138602 | T43: =(1-NORMSDIST((LN(I43*1000000/5)-پارامترها!$B$15)/پارامترها!$B$14))*100 -> 1.7607049 | U43: =MIN(100,پارامترها!$B$9/1000000/I43*100) -> 7.7745384 | V43: =MAX(0,I43-پارامترها!$B$9/1000000) -> 23725 | W43: =V43/(G43*پارامترها!$B$7) -> 60.064027 | X43: =پارامترها!$B$12/1000000/(G43/12)*100 -> 36.706998 | Y43: =ROUND(50*MIN(1,3/K43)+50*MIN(1,30/P43),1) -> 34.7 | Z43: =RANK(Y43,$Y$2:$Y$350,0) -> 14 | AA43: 93 | AB43: 88 | AC43: آگهی اجاره دیوار | AD43: دقیق | AE43: شهرآرا | AF43: A
A44: 43 | B44: 2 | C44: تهران ویلا | D44: 17173 | E44: =ROUND(D44/INDEX(مناطق!$D$2:$D$23,B44),0) -> 5876 | F44: 1.2672 | G44: =پارامترها!$B$5*F44/1000000 -> 1233.4291 | H44: 322 | I44: =H44*پارامترها!$B$6 -> 24150 | J44: 100 | K44: =I44/G44 -> 19.57956 | L44: =I44/(پارامترها!$B$5/1000000) -> 24.811219 | M44: =K44/پارامترها!$B$7 -> 65.265201 | N44: 27.91 | O44: =N44*پارامترها!$B$6*پارامترها!$B$16 -> 62.7975 | P44: =O44*12/G44*100 -> 61.095525 | Q44: =O44*12/(پارامترها!$B$5/1000000)*100 -> 77.42025 | R44: =IF(P44<=30,"قابل استطاعت",IF(P44<=50,"زیر فشار","فشار شدید")) -> فشار شدید | S44: =(1-NORMSDIST((LN(O44*12*1000000/پارامترها!$B$8)-پارامترها!$B$15)/پارامترها!$B$14))*100 -> 7.6908073 | T44: =(1-NORMSDIST((LN(I44*1000000/5)-پارامترها!$B$15)/پارامترها!$B$14))*100 -> 2.0378488 | U44: =MIN(100,پارامترها!$B$9/1000000/I44*100) -> 8.2815735 | V44: =MAX(0,I44-پارامترها!$B$9/1000000) -> 22150 | W44: =V44/(G44*پارامترها!$B$7) -> 59.860216 | X44: =پارامترها!$B$12/1000000/(G44/12)*100 -> 39.183677 | Y44: =ROUND(50*MIN(1,3/K44)+50*MIN(1,30/P44),1) -> 32.2 | Z44: =RANK(Y44,$Y$2:$Y$350,0) -> 53 | AA44: 93 | AB44: 80 | AC44: آگهی اجاره دیوار | AD44: دقیق | AE44: تهران‌ویلا | AF44: A
A45: 44 | B45: 2 | C45: برق آلستوم(ستارخان) | D45: 26267 | E45: =ROUND(D45/INDEX(مناطق!$D$2:$D$23,B45),0) -> 8988 | F45: 1.1891 | G45: =پارامترها!$B$5*F45/1000000 -> 1157.4105 | H45: 302.8 | I45: =H45*پارامترها!$B$6 -> 22710 | J45: 102 | K45: =I45/G45 -> 19.621388 | L45: =I45/(پارامترها!$B$5/1000000) -> 23.331792 | M45: =K45/پارامترها!$B$7 -> 65.404626 | N45: 26.26 | O45: =N45*پارامترها!$B$6*پارامترها!$B$16 -> 59.085 | P45: =O45*12/G45*100 -> 61.259165 | Q45: =O45*12/(پارامترها!$B$5/1000000)*100 -> 72.843273 | R45: =IF(P45<=30,"قابل استطاعت",IF(P45<=50,"زیر فشار","فشار شدید")) -> فشار شدید | S45: =(1-NORMSDIST((LN(O45*12*1000000/پارامترها!$B$8)-پارامترها!$B$15)/پارامترها!$B$14))*100 -> 8.5591717 | T45: =(1-NORMSDIST((LN(I45*1000000/5)-پارامترها!$B$15)/پارامترها!$B$14))*100 -> 2.3421811 | U45: =MIN(100,پارامترها!$B$9/1000000/I45*100) -> 8.8066931 | V45: =MAX(0,I45-پارامترها!$B$9/1000000) -> 20710 | W45: =V45/(G45*پارامترها!$B$7) -> 59.644641 | X45: =پارامترها!$B$12/1000000/(G45/12)*100 -> 41.757258 | Y45: =ROUND(50*MIN(1,3/K45)+50*MIN(1,30/P45),1) -> 32.1 | Z45: =RANK(Y45,$Y$2:$Y$350,0) -> 58 | AA45: 95 | AB45: 86 | AC45: آگهی اجاره دیوار | AD45: جایگزین (محله مجاور) | AE45: ستارخان | AF45: B
A46: 45 | B46: 2 | C46: صادقیه | D46: 42945 | E46: =ROUND(D46/INDEX(مناطق!$D$2:$D$23,B46),0) -> 14695 | F46: 1.1211 | G46: =پارامترها!$B$5*F46/1000000 -> 1091.2227 | H46: 286.1 | I46: =H46*پارامترها!$B$6 -> 21457.5 | J46: 98 | K46: =I46/G46 -> 19.663722 | L46: =I46/(پارامترها!$B$5/1000000) -> 22.044999 | M46: =K46/پارامترها!$B$7 -> 65.545741 | N46: 27.47 | O46: =N46*پارامترها!$B$6*پارامترها!$B$16 -> 61.8075 | P46: =O46*12/G46*100 -> 67.968712 | Q46: =O46*12/(پارامترها!$B$5/1000000)*100 -> 76.199723 | R46: =IF(P46<=30,"قابل استطاعت",IF(P46<=50,"زیر فشار","فشار شدید")) -> فشار شدید | S46: =(1-NORMSDIST((LN(O46*12*1000000/پارامترها!$B$8)-پارامترها!$B$15)/پارامترها!$B$14))*100 -> 7.9105131 | T46: =(1-NORMSDIST((LN(I46*1000000/5)-پارامترها!$B$15)/پارامترها!$B$14))*100 -> 2.6560873 | U46: =MIN(100,پارامترها!$B$9/1000000/I46*100) -> 9.3207503 | V46: =MAX(0,I46-پارامترها!$B$9/1000000) -> 19457.5 | W46: =V46/(G46*پارامترها!$B$7) -> 59.436387 | X46: =پارامترها!$B$12/1000000/(G46/12)*100 -> 44.290033 | Y46: =ROUND(50*MIN(1,3/K46)+50*MIN(1,30/P46),1) -> 29.7 | Z46: =RANK(Y46,$Y$2:$Y$350,0) -> 179 | AA46: 92 | AB46: 83 | AC46: آگهی اجاره دیوار | AD46: دستی (نام مرکب/معادل) | AE46: صادقیه | AF46: A
A47: 46 | B47: 2 | C47: توحید | D47: 34358 | E47: =ROUND(D47/INDEX(مناطق!$D$2:$D$23,B47),0) -> 11757 | F47: 1.0249 | G47: =پارامترها!$B$5*F47/1000000 -> 997.58641 | H47: 262.3 | I47: =H47*پارامترها!$B$6 -> 19672.5 | J47: 93 | K47: =I47/G47 -> 19.720096 | L47: =I47/(پارامترها!$B$5/1000000) -> 20.211127 | M47: =K47/پارامترها!$B$7 -> 65.733654 | N47: 23.81 | O47: =N47*پارامترها!$B$6*پارامترها!$B$16 -> 53.5725 | P47: =O47*12/G47*100 -> 64.442538 | Q47: =O47*12/(پارامترها!$B$5/1000000)*100 -> 66.047157 | R47: =IF(P47<=30,"قابل استطاعت",IF(P47<=50,"زیر فشار","فشار شدید")) -> فشار شدید | S47: =(1-NORMSDIST((LN(O47*12*1000000/پارامترها!$B$8)-پارامترها!$B$15)/پارامترها!$B$14))*100 -> 10.105516 | T47: =(1-NORMSDIST((LN(I47*1000000/5)-پارامترها!$B$15)/پارامترها!$B$14))*100 -> 3.204213 | U47: =MIN(100,پارامترها!$B$9/1000000/I47*100) -> 10.166476 | V47: =MAX(0,I47-پارامترها!$B$9/1000000) -> 17672.5 | W47: =V47/(G47*پارامترها!$B$7) -> 59.050858 | X47: =پارامترها!$B$12/1000000/(G47/12)*100 -> 48.44722 | Y47: =ROUND(50*MIN(1,3/K47)+50*MIN(1,30/P47),1) -> 30.9 | Z47: =RANK(Y47,$Y$2:$Y$350,0) -> 109 | AA47: 88 | AB47: 83 | AC47: آگهی اجاره دیوار | AD47: دقیق | AE47: توحید | AF47: A
A48: 47 | B48: 2 | C48: طرشت | D48: 25110 | E48: =ROUND(D48/INDEX(مناطق!$D$2:$D$23,B48),0) -> 8592 | F48: 0.975 | G48: =پارامترها!$B$5*F48/1000000 -> 949.01625 | H48: 250 | I48: =H48*پارامترها!$B$6 -> 18750 | J48: 85 | K48: =I48/G48 -> 19.757301 | L48: =I48/(پارامترها!$B$5/1000000) -> 19.263369 | M48: =K48/پارامترها!$B$7 -> 65.857671 | N48: 23.77 | O48: =N48*پارامترها!$B$6*پارامترها!$B$16 -> 53.4825 | P48: =O48*12/G48*100 -> 67.626872 | Q48: =O48*12/(پارامترها!$B$5/1000000)*100 -> 65.9362 | R48: =IF(P48<=30,"قابل استطاعت",IF(P48<=50,"زیر فشار","فشار شدید")) -> فشار شدید | S48: =(1-NORMSDIST((LN(O48*12*1000000/پارامترها!$B$8)-پارامترها!$B$15)/پارامترها!$B$14))*100 -> 10.133733 | T48: =(1-NORMSDIST((LN(I48*1000000/5)-پارامترها!$B$15)/پارامترها!$B$14))*100 -> 3.5454296 | U48: =MIN(100,پارامترها!$B$9/1000000/I48*100) -> 10.666667 | V48: =MAX(0,I48-پارامترها!$B$9/1000000) -> 16750 | W48: =V48/(G48*پارامترها!$B$7) -> 58.832853 | X48: =پارامترها!$B$12/1000000/(G48/12)*100 -> 50.926724 | Y48: =ROUND(50*MIN(1,3/K48)+50*MIN(1,30/P48),1) -> 29.8 | Z48: =RANK(Y48,$Y$2:$Y$350,0) -> 172 | AA48: 87 | AB48: 86 | AC48: آگهی اجاره دیوار | AD48: دقیق | AE48: طرشت | AF48: A
A49: 48 | B49: 2 | C49: فرحزاد | D49: 13807 | E49: =ROUND(D49/INDEX(مناطق!$D$2:$D$23,B49),0) -> 4725 | F49: 0.9624 | G49: =پارامترها!$B$5*F49/1000000 -> 936.75204 | H49: 246.8 | I49: =H49*پارامترها!$B$6 -> 18510 | J49: 106 | K49: =I49/G49 -> 19.759765 | L49: =I49/(پارامترها!$B$5/1000000) -> 19.016798 | M49: =K49/پارامترها!$B$7 -> 65.865883 | N49: 22.52 | O49: =N49*پارامترها!$B$6*پارامترها!$B$16 -> 50.67 | P49: =O49*12/G49*100 -> 64.909386 | Q49: =O49*12/(پارامترها!$B$5/1000000)*100 -> 62.468793 | R49: =IF(P49<=30,"قابل استطاعت",IF(P49<=50,"زیر فشار","فشار شدید")) -> فشار شدید | S49: =(1-NORMSDIST((LN(O49*12*1000000/پارامترها!$B$8)-پارامترها!$B$15)/پارامترها!$B$14))*100 -> 11.071083 | T49: =(1-NORMSDIST((LN(I49*1000000/5)-پارامترها!$B$15)/پارامترها!$B$14))*100 -> 3.6418589 | U49: =MIN(100,پارامترها!$B$9/1000000/I49*100) -> 10.80497 | V49: =MAX(0,I49-پارامترها!$B$9/1000000) -> 16510 | W49: =V49/(G49*پارامترها!$B$7) -> 58.749094 | X49: =پارامترها!$B$12/1000000/(G49/12)*100 -> 51.59347 | Y49: =ROUND(50*MIN(1,3/K49)+50*MIN(1,30/P49),1) -> 30.7 | Z49: =RANK(Y49,$Y$2:$Y$350,0) -> 120 | AA49: 5 | AB49: 2 | AC49: آگهی اجاره دیوار | AD49: دقیق | AE49: فرحزاد | AF49: C
A50: 49 | B50: 3 | C50: دروس | D50: 32355 | E50: =ROUND(D50/INDEX(مناطق!$D$2:$D$23,B50),0) -> 11648 | F50: 2.5536 | G50: =پارامترها!$B$5*F50/1000000 -> 2485.5466 | H50: 665.6 | I50: =H50*پارامترها!$B$6 -> 49920 | J50: 191 | K50: =I50/G50 -> 20.084114 | L50: =I50/(پارامترها!$B$5/1000000) -> 51.286793 | M50: =K50/پارامترها!$B$7 -> 66.947046 | N50: 55.61 | O50: =N50*پارامترها!$B$6*پارامترها!$B$16 -> 125.1225 | P50: =O50*12/G50*100 -> 60.408042 | Q50: =O50*12/(پارامترها!$B$5/1000000)*100 -> 154.25798 | R50: =IF(P50<=30,"قابل استطاعت",IF(P50<=50,"زیر فشار","فشار شدید")) -> فشار شدید | S50: =(1-NORMSDIST((LN(O50*12*1000000/پارامترها!$B$8)-پارامترها!$B$15)/پارامترها!$B$14))*100 -> 1.8775826 | T50: =(1-NORMSDIST((LN(I50*1000000/5)-پارامترها!$B$15)/پارامترها!$B$14))*100 -> 0.31249277 | U50: =MIN(100,پارامترها!$B$9/1000000/I50*100) -> 4.0064103 | V50: =MAX(0,I50-پارامترها!$B$9/1000000) -> 47920 | W50: =V50/(G50*پارامترها!$B$7) -> 64.264873 | X50: =پارامترها!$B$12/1000000/(G50/12)*100 -> 19.444532 | Y50: =ROUND(50*MIN(1,3/K50)+50*MIN(1,30/P50),1) -> 32.3 | Z50: =RANK(Y50,$Y$2:$Y$350,0) -> 49 | AA50: 92 | AB50: 92 | AC50: آگهی اجاره دیوار | AD50: دقیق | AE50: دروس | AF50: A
A51: 50 | B51: 3 | C51: قبا | D51: 17192 | E51: =ROUND(D51/INDEX(مناطق!$D$2:$D$23,B51),0) -> 6189 | F51: 1.8043 | G51: =پارامترها!$B$5*F51/1000000 -> 1756.2154 | H51: 475.8 | I51: =H51*پارامترها!$B$6 -> 35685 | J51: 120 | K51: =I51/G51 -> 20.319261 | L51: =I51/(پارامترها!$B$5/1000000) -> 36.662043 | M51: =K51/پارامترها!$B$7 -> 67.730872 | N51: 41.22 | O51: =N51*پارامترها!$B$6*پارامترها!$B$16 -> 92.745 | P51: =O51*12/G51*100 -> 63.371497 | Q51: =O51*12/(پارامترها!$B$5/1000000)*100 -> 114.34119 | R51: =IF(P51<=30,"قابل استطاعت",IF(P51<=50,"زیر فشار","فشار شدید")) -> فشار شدید | S51: =(1-NORMSDIST((LN(O51*12*1000000/پارامترها!$B$8)-پارامترها!$B$15)/پارامترها!$B$14))*100 -> 3.6259593 | T51: =(1-NORMSDIST((LN(I51*1000000/5)-پارامترها!$B$15)/پارامترها!$B$14))*100 -> 0.78430351 | U51: =MIN(100,پارامترها!$B$9/1000000/I51*100) -> 5.6045958 | V51: =MAX(0,I51-پارامترها!$B$9/1000000) -> 33685 | W51: =V51/(G51*پارامترها!$B$7) -> 63.93483 | X51: =پارامترها!$B$12/1000000/(G51/12)*100 -> 27.519568 | Y51: =ROUND(50*MIN(1,3/K51)+50*MIN(1,30/P51),1) -> 31.1 | Z51: =RANK(Y51,$Y$2:$Y$350,0) -> 95 | AA51: 92 | AB51: 91 | AC51: آگهی اجاره دیوار | AD51: دقیق | AE51: قبا | AF51: A
A52: 51 | B52: 3 | C52: امانیه | D52: 26745 | E52: =ROUND(D52/INDEX(مناطق!$D$2:$D$23,B52),0) -> 9628 | F52: 1.7981 | G52: =پارامترها!$B$5*F52/1000000 -> 1750.1806 | H52: 474.2 | I52: =H52*پارامترها!$B$6 -> 35565 | J52: 140 | K52: =I52/G52 -> 20.32076 | L52: =I52/(پارامترها!$B$5/1000000) -> 36.538758 | M52: =K52/پارامترها!$B$7 -> 67.735865 | N52: 40.85 | O52: =N52*پارامترها!$B$6*پارامترها!$B$16 -> 91.9125 | P52: =O52*12/G52*100 -> 63.019209 | Q52: =O52*12/(پارامترها!$B$5/1000000)*100 -> 113.31484 | R52: =IF(P52<=30,"قابل استطاعت",IF(P52<=50,"زیر فشار","فشار شدید")) -> فشار شدید | S52: =(1-NORMSDIST((LN(O52*12*1000000/پارامترها!$B$8)-پارامترها!$B$15)/پارامترها!$B$14))*100 -> 3.6944751 | T52: =(1-NORMSDIST((LN(I52*1000000/5)-پارامترها!$B$15)/پارامترها!$B$14))*100 -> 0.79120873 | U52: =MIN(100,پارامترها!$B$9/1000000/I52*100) -> 5.6235063 | V52: =MAX(0,I52-پارامترها!$B$9/1000000) -> 33565 | W52: =V52/(G52*پارامترها!$B$7) -> 63.926735 | X52: =پارامترها!$B$12/1000000/(G52/12)*100 -> 27.614457 | Y52: =ROUND(50*MIN(1,3/K52)+50*MIN(1,30/P52),1) -> 31.2 | Z52: =RANK(Y52,$Y$2:$Y$350,0) -> 94 | AA52: 93 | AB52: 88 | AC52: آگهی اجاره دیوار | AD52: دقیق | AE52: امانیه | AF52: A
... A55: 54 | B55: 3 | C55: درب دوم | D55: 18277 | E55: =ROUND(D55/INDEX(مناطق!$D$2:$D$23,B55),0) -> 6580 | F55: 1.7493 | G55: =پارامترها!$B$5*F55/1000000 -> 1702.6812 | H55: 461.8 | I55: =H55*پارامترها!$B$6 -> 34635 | J55: 142 | K55: =I55/G55 -> 20.341448 | L55: =I55/(پارامترها!$B$5/1000000) -> 35.583295 | M55: =K55/پارامترها!$B$7 -> 67.804826 | N55: 40.52 | O55: =N55*پارامترها!$B$6*پارامترها!$B$16 -> 91.17 | P55: =O55*12/G55*100 -> 64.253956 | Q55: =O55*12/(پارامترها!$B$5/1000000)*100 -> 112.39945 | R55: =IF(P55<=30,"قابل استطاعت",IF(P55<=50,"زیر فشار","فشار شدید")) -> فشار شدید | S55: =(1-NORMSDIST((LN(O55*12*1000000/پارامترها!$B$8)-پارامترها!$B$15)/پارامترها!$B$14))*100 -> 3.7570104 | T55: =(1-NORMSDIST((LN(I55*1000000/5)-پارامترها!$B$15)/پارامترها!$B$14))*100 -> 0.84741779 | U55: =MIN(100,پارامترها!$B$9/1000000/I55*100) -> 5.7745056 | V55: =MAX(0,I55-پارامترها!$B$9/1000000) -> 32635 | W55: =V55/(G55*پارامترها!$B$7) -> 63.889433 | X55: =پارامترها!$B$12/1000000/(G55/12)*100 -> 28.384814 | Y55: =ROUND(50*MIN(1,3/K55)+50*MIN(1,30/P55),1) -> 30.7 | Z55: =RANK(Y55,$Y$2:$Y$350,0) -> 120 | AA55: 93 | AB55: 92 | AC55: آگهی اجاره دیوار | AD55: دقیق | AE55: درب دوم | AF55: A
A56: 55 | B56: 3 | C56: داوودیه | D56: 24511 | E56: =ROUND(D56/INDEX(مناطق!$D$2:$D$23,B56),0) -> 8824 | F56: 1.7388 | G56: =پارامترها!$B$5*F56/1000000 -> 1692.461 | H56: 459.1 | I56: =H56*پارامترها!$B$6 -> 34432.5 | K56: =I56/G56 -> 20.344634 | L56: =I56/(پارامترها!$B$5/1000000) -> 35.37525 | M56: =K56/پارامترها!$B$7 -> 67.815448 | N56: 45.19 | O56: =N56*پارامترها!$B$6*پارامترها!$B$16 -> 101.6775 | P56: =O56*12/G56*100 -> 72.092061 | Q56: =O56*12/(پارامترها!$B$5/1000000)*100 -> 125.35368 | R56: =IF(P56<=30,"قابل استطاعت",IF(P56<=50,"زیر فشار","فشار شدید")) -> فشار شدید | S56: =(1-NORMSDIST((LN(O56*12*1000000/پارامترها!$B$8)-پارامترها!$B$15)/پارامترها!$B$14))*100 -> 2.9849086 | T56: =(1-NORMSDIST((LN(I56*1000000/5)-پارامترها!$B$15)/پارامترها!$B$14))*100 -> 0.86032034 | U56: =MIN(100,پارامترها!$B$9/1000000/I56*100) -> 5.8084658 | V56: =MAX(0,I56-پارامترها!$B$9/1000000) -> 32432.5 | W56: =V56/(G56*پارامترها!$B$7) -> 63.876411 | X56: =پارامترها!$B$12/1000000/(G56/12)*100 -> 28.55622 | Y56: =ROUND(50*MIN(1,3/K56)+50*MIN(1,30/P56),1) -> 28.2 | Z56: =RANK(Y56,$Y$2:$Y$350,0) -> 248 | AA56: 0 | AB56: 0 | AC56: برآورد از قیمت فروش | AD56: بدون داده (میانگین منطقه) | AE56: — | AF56: D
A57: 56 | B57: 3 | C57: کاووسیه | D57: 20626 | E57: =ROUND(D57/INDEX(مناطق!$D$2:$D$23,B57),0) -> 7425 | F57: 1.7388 | G57: =پارامترها!$B$5*F57/1000000 -> 1692.461 | H57: 459.1 | I57: =H57*پارامترها!$B$6 -> 34432.5 | K57: =I57/G57 -> 20.344634 | L57: =I57/(پارامترها!$B$5/1000000) -> 35.37525 | M57: =K57/پارامترها!$B$7 -> 67.815448 | N57: 45.19 | O57: =N57*پارامترها!$B$6*پارامترها!$B$16 -> 101.6775 | P57: =O57*12/G57*100 -> 72.092061 | Q57: =O57*12/(پارامترها!$B$5/1000000)*100 -> 125.35368 | R57: =IF(P57<=30,"قابل استطاعت",IF(P57<=50,"زیر فشار","فشار شدید")) -> فشار شدید | S57: =(1-NORMSDIST((LN(O57*12*1000000/پارامترها!$B$8)-پارامترها!$B$15)/پارامترها!$B$14))*100 -> 2.9849086 | T57: =(1-NORMSDIST((LN(I57*1000000/5)-پارامترها!$B$15)/پارامترها!$B$14))*100 -> 0.86032034 | U57: =MIN(100,پارامترها!$B$9/1000000/I57*100) -> 5.8084658 | V57: =MAX(0,I57-پارامترها!$B$9/1000000) -> 32432.5 | W57: =V57/(G57*پارامترها!$B$7) -> 63.876411 | X57: =پارامترها!$B$12/1000000/(G57/12)*100 -> 28.55622 | Y57: =ROUND(50*MIN(1,3/K57)+50*MIN(1,30/P57),1) -> 28.2 | Z57: =RANK(Y57,$Y$2:$Y$350,0) -> 248 | AA57: 0 | AB57: 0 | AC57: برآورد از قیمت فروش | AD57: بدون داده (میانگین منطقه) | AE57: — | AF57: D
A58: 57 | B58: 3 | C58: قلهک | D58: 22963 | E58: =ROUND(D58/INDEX(مناطق!$D$2:$D$23,B58),0) -> 8267 | F58: 1.6917 | G58: =پارامترها!$B$5*F58/1000000 -> 1646.6162 | H58: 447.1 | I58: =H58*پارامترها!$B$6 -> 33532.5 | J58: 122 | K58: =I58/G58 -> 20.364491 | L58: =I58/(پارامترها!$B$5/1000000) -> 34.450609 | M58: =K58/پارامترها!$B$7 -> 67.881635 | N58: 38.95 | O58: =N58*پارامترها!$B$6*پارامترها!$B$16 -> 87.6375 | P58: =O58*12/G58*100 -> 63.867342 | Q58: =O58*12/(پارامترها!$B$5/1000000)*100 -> 108.04438 | R58: =IF(P58<=30,"قابل استطاعت",IF(P58<=50,"زیر فشار","فشار شدید")) -> فشار شدید | S58: =(1-NORMSDIST((LN(O58*12*1000000/پارامترها!$B$8)-پارامترها!$B$15)/پارامترها!$B$14))*100 -> 4.0741511 | T58: =(1-NORMSDIST((LN(I58*1000000/5)-پارامترها!$B$15)/پارامترها!$B$14))*100 -> 0.92076912 | U58: =MIN(100,پارامترها!$B$9/1000000/I58*100) -> 5.9643629 | V58: =MAX(0,I58-پارامترها!$B$9/1000000) -> 31532.5 | W58: =V58/(G58*پارامترها!$B$7) -> 63.832928 | X58: =پارامترها!$B$12/1000000/(G58/12)*100 -> 29.351277 | Y58: =ROUND(50*MIN(1,3/K58)+50*MIN(1,30/P58),1) -> 30.9 | Z58: =RANK(Y58,$Y$2:$Y$350,0) -> 109 | AA58: 91 | AB58: 91 | AC58: آگهی اجاره دیوار | AD58: دقیق | AE58: قلهک | AF58: A
A59: 58 | B59: 3 | C59: آرارات | D59: 21009 | E59: =ROUND(D59/INDEX(مناطق!$D$2:$D$23,B59),0) -> 7563 | F59: 1.6097 | G59: =پارامترها!$B$5*F59/1000000 -> 1566.8015 | H59: 426.2 | I59: =H59*پارامترها!$B$6 -> 31965 | J59: 113 | K59: =I59/G59 -> 20.401436 | L59: =I59/(پارامترها!$B$5/1000000) -> 32.840191 | M59: =K59/پارامترها!$B$7 -> 68.004786 | N59: 39.64 | O59: =N59*پارامترها!$B$6*پارامترها!$B$16 -> 89.19 | P59: =O59*12/G59*100 -> 68.309866 | Q59: =O59*12/(پارامترها!$B$5/1000000)*100 -> 109.95839 | R59: =IF(P59<=30,"قابل استطاعت",IF(P59<=50,"زیر فشار","فشار شدید")) -> فشار شدید | S59: =(1-NORMSDIST((LN(O59*12*1000000/پارامترها!$B$8)-پارامترها!$B$15)/پارامترها!$B$14))*100 -> 3.9306403 | T59: =(1-NORMSDIST((LN(I59*1000000/5)-پارامترها!$B$15)/پارامترها!$B$14))*100 -> 1.0395067 | U59: =MIN(100,پارامترها!$B$9/1000000/I59*100) -> 6.2568434 | V59: =MAX(0,I59-پارامترها!$B$9/1000000) -> 29965 | W59: =V59/(G59*پارامترها!$B$7) -> 63.749833 | X59: =پارامترها!$B$12/1000000/(G59/12)*100 -> 30.846466 | Y59: =ROUND(50*MIN(1,3/K59)+50*MIN(1,30/P59),1) -> 29.3 | Z59: =RANK(Y59,$Y$2:$Y$350,0) -> 200 | AA59: 5 | AB59: 8 | AC59: آگهی اجاره دیوار | AD59: دقیق | AE59: آرارات | AF59: C
A60: 59 | B60: 3 | C60: حسن آباد - زرگنده | D60: 39828 | E60: =ROUND(D60/INDEX(مناطق!$D$2:$D$23,B60),0) -> 14338 | F60: 1.5134 | G60: =پارامترها!$B$5*F60/1000000 -> 1473.0679 | H60: 401.5 | I60: =H60*پارامترها!$B$6 -> 30112.5 | J60: 107.75 | K60: =I60/G60 -> 20.442031 | L60: =I60/(پارامترها!$B$5/1000000) -> 30.93697 | M60: =K60/پارامترها!$B$7 -> 68.140105 | N60: 33.13 | O60: =N60*پارامترها!$B$6*پارامترها!$B$16 -> 74.5425 | P60: =O60*12/G60*100 -> 60.724289 | Q60: =O60*12/(پارامترها!$B$5/1000000)*100 -> 91.900139 | R60: =IF(P60<=30,"قابل استطاعت",IF(P60<=50,"زیر فشار","فشار شدید")) -> فشار شدید | S60: =(1-NORMSDIST((LN(O60*12*1000000/پارامترها!$B$8)-پارامترها!$B$15)/پارامترها!$B$14))*100 -> 5.6061762 | T60: =(1-NORMSDIST((LN(I60*1000000/5)-پارامترها!$B$15)/پارامترها!$B$14))*100 -> 1.2061109 | U60: =MIN(100,پارامترها!$B$9/1000000/I60*100) -> 6.6417601 | V60: =MAX(0,I60-پارامترها!$B$9/1000000) -> 28112.5 | W60: =V60/(G60*پارامترها!$B$7) -> 63.614402 | X60: =پارامترها!$B$12/1000000/(G60/12)*100 -> 32.809274 | Y60: =ROUND(50*MIN(1,3/K60)+50*MIN(1,30/P60),1) -> 32 | Z60: =RANK(Y60,$Y$2:$Y$350,0) -> 63 | AA60: 90 | AB60: 88 | AC60: آگهی اجاره دیوار | AD60: دستی (نام مرکب/معادل) | AE60: حسن‌آباد، زرگنده | AF60: A
A61: 60 | B61: 3 | C61: سید خندان | D61: 30658 | E61: =ROUND(D61/INDEX(مناطق!$D$2:$D$23,B61),0) -> 11037 | F61: 1.3552 | G61: =پارامترها!$B$5*F61/1000000 -> 1319.0839 | H61: 360.9 | I61: =H61*پارامترها!$B$6 -> 27067.5 | J61: 110 | K61: =I61/G61 -> 20.519923 | L61: =I61/(پارامترها!$B$5/1000000) -> 27.808599 | M61: =K61/پارامترها!$B$7 -> 68.399742 | N61: 32.17 | O61: =N61*پارامترها!$B$6*پارامترها!$B$16 -> 72.3825 | P61: =O61*12/G61*100 -> 65.847971 | Q61: =O61*12/(پارامترها!$B$5/1000000)*100 -> 89.237171 | R61: =IF(P61<=30,"قابل استطاعت",IF(P61<=50,"زیر فشار","فشار شدید")) -> فشار شدید | S61: =(1-NORMSDIST((LN(O61*12*1000000/پارامترها!$B$8)-پارامترها!$B$15)/پارامترها!$B$14))*100 -> 5.928023 | T61: =(1-NORMSDIST((LN(I61*1000000/5)-پارامترها!$B$15)/پارامترها!$B$14))*100 -> 1.5615643 | U61: =MIN(100,پارامترها!$B$9/1000000/I61*100) -> 7.3889351 | V61: =MAX(0,I61-پارامترها!$B$9/1000000) -> 25067.5 | W61: =V61/(G61*پارامترها!$B$7) -> 63.34573 | X61: =پارامترها!$B$12/1000000/(G61/12)*100 -> 36.639283 | Y61: =ROUND(50*MIN(1,3/K61)+50*MIN(1,30/P61),1) -> 30.1 | Z61: =RANK(Y61,$Y$2:$Y$350,0) -> 158 | AA61: 172 | AB61: 162 | AC61: آگهی اجاره دیوار | AD61: دقیق | AE61: مهران (سیدخندان)، سید خندان (جلفا) | AF61: A
A62: 61 | B62: 4 | C62: پاسداران - ضرابخانه | D62: 19326 | E62: =ROUND(D62/INDEX(مناطق!$D$2:$D$23,B62),0) -> 6399 | F62: 2.228 | G62: =پارامترها!$B$5*F62/1000000 -> 2168.6238 | H62: 538.1 | I62: =H62*پارامترها!$B$6 -> 40357.5 | J62: 150 | K62: =I62/G62 -> 18.609728 | L62: =I62/(پارامترها!$B$5/1000000) -> 41.462475 | M62: =K62/پارامترها!$B$7 -> 62.032428 | N62: 49.98 | O62: =N62*پارامترها!$B$6*پارامترها!$B$16 -> 112.455 | P62: =O62*12/G62*100 -> 62.22656 | Q62: =O62*12/(پارامترها!$B$5/1000000)*100 -> 138.64078 | R62: =IF(P62<=30,"قابل استطاعت",IF(P62<=50,"زیر فشار","فشار شدید")) -> فشار شدید | S62: =(1-NORMSDIST((LN(O62*12*1000000/پارامترها!$B$8)-پارامترها!$B$15)/پارامترها!$B$14))*100 -> 2.3934752 | T62: =(1-NORMSDIST((LN(I62*1000000/5)-پارامترها!$B$15)/پارامترها!$B$14))*100 -> 0.56579658 | U62: =MIN(100,پارامترها!$B$9/1000000/I62*100) -> 4.9557084 | V62: =MAX(0,I62-پارامترها!$B$9/1000000) -> 38357.5 | W62: =V62/(G62*پارامترها!$B$7) -> 58.958282 | X62: =پارامترها!$B$12/1000000/(G62/12)*100 -> 22.286156 | Y62: =ROUND(50*MIN(1,3/K62)+50*MIN(1,30/P62),1) -> 32.2 | Z62: =RANK(Y62,$Y$2:$Y$350,0) -> 53 | AA62: 93 | AB62: 91 | AC62: آگهی اجاره دیوار | AD62: جایگزین (محله مجاور) | AE62: پاسداران | AF62: B
A63: 62 | B63: 4 | C63: حسین آباد - مبارک آباد | D63: 62773 | E63: =ROUND(D63/INDEX(مناطق!$D$2:$D$23,B63),0) -> 20786 | F63: 1.5106 | G63: =پارامترها!$B$5*F63/1000000 -> 1470.3425 | H63: 369.7 | I63: =H63*پارامترها!$B$6 -> 27727.5 | J63: 118.5 | K63: =I63/G63 -> 18.857851 | L63: =I63/(پارامترها!$B$5/1000000) -> 28.48667 | M63: =K63/پارامترها!$B$7 -> 62.859503 | N63: 33.89 | O63: =N63*پارامترها!$B$6*پارامترها!$B$16 -> 76.2525 | P63: =O63*12/G63*100 -> 62.232439 | Q63: =O63*12/(پارامترها!$B$5/1000000)*100 -> 94.008322 | R63: =IF(P63<=30,"قابل استطاعت",IF(P63<=50,"زیر فشار","فشار شدید")) -> فشار شدید | S63: =(1-NORMSDIST((LN(O63*12*1000000/پارامترها!$B$8)-پارامترها!$B$15)/پارامترها!$B$14))*100 -> 5.3674707 | T63: =(1-NORMSDIST((LN(I63*1000000/5)-پارامترها!$B$15)/پارامترها!$B$14))*100 -> 1.4742086 | U63: =MIN(100,پارامترها!$B$9/1000000/I63*100) -> 7.2130556 | V63: =MAX(0,I63-پارامترها!$B$9/1000000) -> 25727.5 | W63: =V63/(G63*پارامترها!$B$7) -> 58.325412 | X63: =پارامترها!$B$12/1000000/(G63/12)*100 -> 32.870089 | Y63: =ROUND(50*MIN(1,3/K63)+50*MIN(1,30/P63),1) -> 32.1 | Z63: =RANK(Y63,$Y$2:$Y$350,0) -> 58 | AA63: 86 | AB63: 90 | AC63: آگهی اجاره دیوار | AD63: دستی (نام مرکب/معادل) | AE63: حسین‌آباد | AF63: A
A64: 63 | B64: 4 | C64: مهران | D64: 29497 | E64: =ROUND(D64/INDEX(مناطق!$D$2:$D$23,B64),0) -> 9767 | F64: 1.4764 | G64: =پارامترها!$B$5*F64/1000000 -> 1437.0539 | H64: 361.6 | I64: =H64*پارامترها!$B$6 -> 27120 | J64: 120 | K64: =I64/G64 -> 18.871943 | L64: =I64/(پارامترها!$B$5/1000000) -> 27.862537 | M64: =K64/پارامترها!$B$7 -> 62.906477 | N64: 33.22 | O64: =N64*پارامترها!$B$6*پارامترها!$B$16 -> 74.745 | P64: =O64*12/G64*100 -> 62.415194 | Q64: =O64*12/(پارامترها!$B$5/1000000)*100 -> 92.149792 | R64: =IF(P64<=30,"قابل استطاعت",IF(P64<=50,"زیر فشار","فشار شدید")) -> فشار شدید | S64: =(1-NORMSDIST((LN(O64*12*1000000/پارامترها!$B$8)-پارامترها!$B$15)/پارامترها!$B$14))*100 -> 5.5771908 | T64: =(1-NORMSDIST((LN(I64*1000000/5)-پارامترها!$B$15)/پارامترها!$B$14))*100 -> 1.5543774 | U64: =MIN(100,پارامترها!$B$9/1000000/I64*100) -> 7.3746313 | V64: =MAX(0,I64-پارامترها!$B$9/1000000) -> 25120 | W64: =V64/(G64*پارامترها!$B$7) -> 58.267356 | X64: =پارامترها!$B$12/1000000/(G64/12)*100 -> 33.631506 | Y64: =ROUND(50*MIN(1,3/K64)+50*MIN(1,30/P64),1) -> 32 | Z64: =RANK(Y64,$Y$2:$Y$350,0) -> 63 | AA64: 89 | AB64: 87 | AC64: آگهی اجاره دیوار | AD64: دستی (نام مرکب/معادل) | AE64: مهران (سیدخندان) | AF64: A
A65: 64 | B65: 4 | C65: لویزان - شیان | D65: 25723 | E65: =ROUND(D65/INDEX(مناطق!$D$2:$D$23,B65),0) -> 8518 | F65: 1.3033 | G65: =پارامترها!$B$5*F65/1000000 -> 1268.5671 | H65: 320.6 | I65: =H65*پارامترها!$B$6 -> 24045 | J65: 103.75 | K65: =I65/G65 -> 18.954457 | L65: =I65/(پارامترها!$B$5/1000000) -> 24.703344 | M65: =K65/پارامترها!$B$7 -> 63.181524 | N65: 28.08 | O65: =N65*پارامترها!$B$6*پارامترها!$B$16 -> 63.18 | P65: =O65*12/G65*100 -> 59.765071 | Q65: =O65*12/(پارامترها!$B$5/1000000)*100 -> 77.891817 | R65: =IF(P65<=30,"قابل استطاعت",IF(P65<=50,"زیر فشار","فشار شدید")) -> فشار شدید | S65: =(1-NORMSDIST((LN(O65*12*1000000/پارامترها!$B$8)-پارامترها!$B$15)/پارامترها!$B$14))*100 -> 7.6080834 | T65: =(1-NORMSDIST((LN(I65*1000000/5)-پارامترها!$B$15)/پارامترها!$B$14))*100 -> 2.0582557 | U65: =MIN(100,پارامترها!$B$9/1000000/I65*100) -> 8.3177376 | V65: =MAX(0,I65-پارامترها!$B$9/1000000) -> 22045 | W65: =V65/(G65*پارامترها!$B$7) -> 57.926251 | X65: =پارامترها!$B$12/1000000/(G65/12)*100 -> 38.098332 | Y65: =ROUND(50*MIN(1,3/K65)+50*MIN(1,30/P65),1) -> 33 | Z65: =RANK(Y65,$Y$2:$Y$350,0) -> 32 | AA65: 118 | AB65: 103 | AC65: آگهی اجاره دیوار | AD65: دستی (نام مرکب/معادل) | AE65: لویزان، بوستان شیان | AF65: A
A66: 65 | B66: 4 | C66: تهرانپارس غربی | D66: 124634 | E66: =ROUND(D66/INDEX(مناطق!$D$2:$D$23,B66),0) -> 41270 | F66: 1.1618 | G66: =پارامترها!$B$5*F66/1000000 -> 1130.838 | H66: 286.8 | I66: =H66*پارامترها!$B$6 -> 21510 | J66: 95 | K66: =I66/G66 -> 19.021292 | L66: =I66/(پارامترها!$B$5/1000000) -> 22.098937 | M66: =K66/پارامترها!$B$7 -> 63.404306 | N66: 27.43 | O66: =N66*پارامترها!$B$6*پارامترها!$B$16 -> 61.7175 | P66: =O66*12/G66*100 -> 65.492138 | Q66: =O66*12/(پارامترها!$B$5/1000000)*100 -> 76.088766 | R66: =IF(P66<=30,"قابل استطاعت",IF(P66<=50,"زیر فشار","فشار شدید")) -> فشار شدید | S66: =(1-NORMSDIST((LN(O66*12*1000000/پارامترها!$B$8)-پارامترها!$B$15)/پارامترها!$B$14))*100 -> 7.930896 | T66: =(1-NORMSDIST((LN(I66*1000000/5)-پارامترها!$B$15)/پارامترها!$B$14))*100 -> 2.6418755 | U66: =MIN(100,پارامترها!$B$9/1000000/I66*100) -> 9.2980009 | V66: =MAX(0,I66-پارامترها!$B$9/1000000) -> 19510 | W66: =V66/(G66*پارامترها!$B$7) -> 57.508973 | X66: =پارامترها!$B$12/1000000/(G66/12)*100 -> 42.738471 | Y66: =ROUND(50*MIN(1,3/K66)+50*MIN(1,30/P66),1) -> 30.8 | Z66: =RANK(Y66,$Y$2:$Y$350,0) -> 113 | AA66: 89 | AB66: 88 | AC66: آگهی اجاره دیوار | AD66: دقیق | AE66: تهرانپارس غربی | AF66: A
A67: 66 | B67: 4 | C67: قنات کوثر | D67: 24138 | E67: =ROUND(D67/INDEX(مناطق!$D$2:$D$23,B67),0) -> 7993 | F67: 1.1597 | G67: =پارامترها!$B$5*F67/1000000 -> 1128.794 | H67: 286.3 | I67: =H67*پارامترها!$B$6 -> 21472.5 | J67: 90 | K67: =I67/G67 -> 19.022514 | L67: =I67/(پارامترها!$B$5/1000000) -> 22.06041 | M67: =K67/پارامترها!$B$7 -> 63.408381 | N67: 26.31 | O67: =N67*پارامترها!$B$6*پارامترها!$B$16 -> 59.1975 | P67: =O67*12/G67*100 -> 62.931766 | Q67: =O67*12/(پارامترها!$B$5/1000000)*100 -> 72.981969 | R67: =IF(P67<=30,"قابل استطاعت",IF(P67<=50,"زیر فشار","فشار شدید")) -> فشار شدید | S67: =(1-NORMSDIST((LN(O67*12*1000000/پارامترها!$B$8)-پارامترها!$B$15)/پارامترها!$B$14))*100 -> 8.530999 | T67: =(1-NORMSDIST((LN(I67*1000000/5)-پارامترها!$B$15)/پارامترها!$B$14))*100 -> 2.6520167 | U67: =MIN(100,پارامترها!$B$9/1000000/I67*100) -> 9.3142391 | V67: =MAX(0,I67-پارامترها!$B$9/1000000) -> 19472.5 | W67: =V67/(G67*پارامترها!$B$7) -> 57.502373 | X67: =پارامترها!$B$12/1000000/(G67/12)*100 -> 42.815863 | Y67: =ROUND(50*MIN(1,3/K67)+50*MIN(1,30/P67),1) -> 31.7 | Z67: =RANK(Y67,$Y$2:$Y$350,0) -> 78 | AA67: 77 | AB67: 60 | AC67: آگهی اجاره دیوار | AD67: دقیق | AE67: قنات‌کوثر | AF67: A
A68: 67 | B68: 4 | C68: نارمک شمالی | D68: 29784 | E68: =ROUND(D68/INDEX(مناطق!$D$2:$D$23,B68),0) -> 9862 | F68: 1.0933 | G68: =پارامترها!$B$5*F68/1000000 -> 1064.1636 | H68: 270.5 | I68: =H68*پارامترها!$B$6 -> 20287.5 | J68: 81 | K68: =I68/G68 -> 19.064269 | L68: =I68/(پارامترها!$B$5/1000000) -> 20.842965 | M68: =K68/پارامترها!$B$7 -> 63.547562 | N68: 23.36 | O68: =N68*پارامترها!$B$6*پارامترها!$B$16 -> 52.56 | P68: =O68*12/G68*100 -> 59.269085 | Q68: =O68*12/(پارامترها!$B$5/1000000)*100 -> 64.79889 | R68: =IF(P68<=30,"قابل استطاعت",IF(P68<=50,"زیر فشار","فشار شدید")) -> فشار شدید | S68: =(1-NORMSDIST((LN(O68*12*1000000/پارامترها!$B$8)-پارامترها!$B$15)/پارامترها!$B$14))*100 -> 10.429106 | T68: =(1-NORMSDIST((LN(I68*1000000/5)-پارامترها!$B$15)/پارامترها!$B$14))*100 -> 3.0001207 | U68: =MIN(100,پارامترها!$B$9/1000000/I68*100) -> 9.8582871 | V68: =MAX(0,I68-پارامترها!$B$9/1000000) -> 18287.5 | W68: =V68/(G68*پارامترها!$B$7) -> 57.282861 | X68: =پارامترها!$B$12/1000000/(G68/12)*100 -> 45.416222 | Y68: =ROUND(50*MIN(1,3/K68)+50*MIN(1,30/P68),1) -> 33.2 | Z68: =RANK(Y68,$Y$2:$Y$350,0) -> 29 | AA68: 92 | AB68: 81 | AC68: آگهی اجاره دیوار | AD68: دستی (نام مرکب/معادل) | AE68: نارمک | AF68: A
A69: 68 | B69: 4 | C69: شمس آباد - مجیدیه | D69: 68003 | E69: =ROUND(D69/INDEX(مناطق!$D$2:$D$23,B69),0) -> 22518 | F69: 1.0651 | G69: =پارامترها!$B$5*F69/1000000 -> 1036.7151 | H69: 263.7 | I69: =H69*پارامترها!$B$6 -> 19777.5 | J69: 75.25 | K69: =I69/G69 -> 19.077083 | L69: =I69/(پارامترها!$B$5/1000000) -> 20.319001 | M69: =K69/پارامترها!$B$7 -> 63.590278 | N69: 25.45 | O69: =N69*پارامترها!$B$6*پارامترها!$B$16 -> 57.2625 | P69: =O69*12/G69*100 -> 66.28147 | Q69: =O69*12/(پارامترها!$B$5/1000000)*100 -> 70.596394 | R69: =IF(P69<=30,"قابل استطاعت",IF(P69<=50,"زیر فشار","فشار شدید")) -> فشار شدید | S69: =(1-NORMSDIST((LN(O69*12*1000000/پارامترها!$B$8)-پارامترها!$B$15)/پارامترها!$B$14))*100 -> 9.0332714 | T69: =(1-NORMSDIST((LN(I69*1000000/5)-پارامترها!$B$15)/پارامترها!$B$14))*100 -> 3.168122 | U69: =MIN(100,پارامترها!$B$9/1000000/I69*100) -> 10.112502 | V69: =MAX(0,I69-پارامترها!$B$9/1000000) -> 17777.5 | W69: =V69/(G69*پارامترها!$B$7) -> 57.15971 | X69: =پارامترها!$B$12/1000000/(G69/12)*100 -> 46.61868 | Y69: =ROUND(50*MIN(1,3/K69)+50*MIN(1,30/P69),1) -> 30.5 | Z69: =RANK(Y69,$Y$2:$Y$350,0) -> 128 | AA69: 176 | AB69: 176 | AC69: آگهی اجاره دیوار | AD69: دستی (نام مرکب/معادل) | AE69: شمس‌آباد، مجیدیه | AF69: A
A70: 69 | B70: 4 | C70: حکیمیه | D70: 51698 | E70: =ROUND(D70/INDEX(مناطق!$D$2:$D$23,B70),0) -> 17119 | F70: 1.0494 | G70: =پارامترها!$B$5*F70/1000000 -> 1021.4335 | H70: 260 | I70: =H70*پارامترها!$B$6 -> 19500 | J70: 95 | K70: =I70/G70 -> 19.090817 | L70: =I70/(پارامترها!$B$5/1000000) -> 20.033904 | M70: =K70/پارامترها!$B$7 -> 63.636057 | N70: 21.4 | O70: =N70*پارامترها!$B$6*پارامترها!$B$16 -> 48.15 | P70: =O70*12/G70*100 -> 56.56756 | Q70: =O70*12/(پارامترها!$B$5/1000000)*100 -> 59.361997 | R70: =IF(P70<=30,"قابل استطاعت",IF(P70<=50,"زیر فشار","فشار شدید")) -> فشار شدید | S70: =(1-NORMSDIST((LN(O70*12*1000000/پارامترها!$B$8)-پارامترها!$B$15)/پارامترها!$B$14))*100 -> 12.011822 | T70: =(1-NORMSDIST((LN(I70*1000000/5)-پارامترها!$B$15)/پارامترها!$B$14))*100 -> 3.2646706 | U70: =MIN(100,پارامترها!$B$9/1000000/I70*100) -> 10.25641 | V70: =MAX(0,I70-پارامترها!$B$9/1000000) -> 17500 | W70: =V70/(G70*پارامترها!$B$7) -> 57.109282 | X70: =پارامترها!$B$12/1000000/(G70/12)*100 -> 47.316139 | Y70: =ROUND(50*MIN(1,3/K70)+50*MIN(1,30/P70),1) -> 34.4 | Z70: =RANK(Y70,$Y$2:$Y$350,0) -> 20 | AA70: 81 | AB70: 77 | AC70: آگهی اجاره دیوار | AD70: دقیق | AE70: حکیمیه | AF70: A
A71: 70 | B71: 4 | C71: گلشن | D71: 57312 | E71: =ROUND(D71/INDEX(مناطق!$D$2:$D$23,B71),0) -> 18978 | F71: 0.9927 | G71: =پارامترها!$B$5*F71/1000000 -> 966.24455 | H71: 246.4 | I71: =H71*پارامترها!$B$6 -> 18480 | K71: =I71/G71 -> 19.125593 | L71: =I71/(پارامترها!$B$5/1000000) -> 18.985976 | M71: =K71/پارامترها!$B$7 -> 63.751977 | N71: 24.25 | O71: =N71*پارامترها!$B$6*پارامترها!$B$16 -> 54.5625 | P71: =O71*12/G71*100 -> 67.762349 | Q71: =O71*12/(پارامترها!$B$5/1000000)*100 -> 67.267684 | R71: =IF(P71<=30,"قابل استطاعت",IF(P71<=50,"زیر فشار","فشار شدید")) -> فشار شدید | S71: =(1-NORMSDIST((LN(O71*12*1000000/پارامترها!$B$8)-پارامترها!$B$15)/پارامترها!$B$14))*100 -> 9.8019169 | T71: =(1-NORMSDIST((LN(I71*1000000/5)-پارامترها!$B$15)/پارامترها!$B$14))*100 -> 3.6541511 | U71: =MIN(100,پارامترها!$B$9/1000000/I71*100) -> 10.822511 | V71: =MAX(0,I71-پارامترها!$B$9/1000000) -> 16480 | W71: =V71/(G71*پارامترها!$B$7) -> 56.852412 | X71: =پارامترها!$B$12/1000000/(G71/12)*100 -> 50.018692 | Y71: =ROUND(50*MIN(1,3/K71)+50*MIN(1,30/P71),1) -> 30 | Z71: =RANK(Y71,$Y$2:$Y$350,0) -> 162 | AA71: 0 | AB71: 0 | AC71: برآورد از قیمت فروش | AD71: بدون داده (میانگین منطقه) | AE71: — | AF71: D
A72: 71 | B72: 4 | C72: کوهسار | D72: 40336 | E72: =ROUND(D72/INDEX(مناطق!$D$2:$D$23,B72),0) -> 13356 | F72: 0.9927 | G72: =پارامترها!$B$5*F72/1000000 -> 966.24455 | H72: 246.4 | I72: =H72*پارامترها!$B$6 -> 18480 | K72: =I72/G72 -> 19.125593 | L72: =I72/(پارامترها!$B$5/1000000) -> 18.985976 | M72: =K72/پارامترها!$B$7 -> 63.751977 | N72: 24.25 | O72: =N72*پارامترها!$B$6*پارامترها!$B$16 -> 54.5625 | P72: =O72*12/G72*100 -> 67.762349 | Q72: =O72*12/(پارامترها!$B$5/1000000)*100 -> 67.267684 | R72: =IF(P72<=30,"قابل استطاعت",IF(P72<=50,"زیر فشار","فشار شدید")) -> فشار شدید | S72: =(1-NORMSDIST((LN(O72*12*1000000/پارامترها!$B$8)-پارامترها!$B$15)/پارامترها!$B$14))*100 -> 9.8019169 | T72: =(1-NORMSDIST((LN(I72*1000000/5)-پارامترها!$B$15)/پارامترها!$B$14))*100 -> 3.6541511 | U72: =MIN(100,پارامترها!$B$9/1000000/I72*100) -> 10.822511 | V72: =MAX(0,I72-پارامترها!$B$9/1000000) -> 16480 | W72: =V72/(G72*پارامترها!$B$7) -> 56.852412 | X72: =پارامترها!$B$12/1000000/(G72/12)*100 -> 50.018692 | Y72: =ROUND(50*MIN(1,3/K72)+50*MIN(1,30/P72),1) -> 30 | Z72: =RANK(Y72,$Y$2:$Y$350,0) -> 162 | AA72: 0 | AB72: 0 | AC72: برآورد از قیمت فروش | AD72: بدون داده (میانگین منطقه) | AE72: — | AF72: D
A73: 72 | B73: 4 | C73: کاظم اباد | D73: 30228 | E73: =ROUND(D73/INDEX(مناطق!$D$2:$D$23,B73),0) -> 10009 | F73: 0.9927 | G73: =پارامترها!$B$5*F73/1000000 -> 966.24455 | H73: 246.4 | I73: =H73*پارامترها!$B$6 -> 18480 | K73: =I73/G73 -> 19.125593 | L73: =I73/(پارامترها!$B$5/1000000) -> 18.985976 | M73: =K73/پارامترها!$B$7 -> 63.751977 | N73: 24.25 | O73: =N73*پارامترها!$B$6*پارامترها!$B$16 -> 54.5625 | P73: =O73*12/G73*100 -> 67.762349 | Q73: =O73*12/(پارامترها!$B$5/1000000)*100 -> 67.267684 | R73: =IF(P73<=30,"قابل استطاعت",IF(P73<=50,"زیر فشار","فشار شدید")) -> فشار شدید | S73: =(1-NORMSDIST((LN(O73*12*1000000/پارامترها!$B$8)-پارامترها!$B$15)/پارامترها!$B$14))*100 -> 9.8019169 | T73: =(1-NORMSDIST((LN(I73*1000000/5)-پارامترها!$B$15)/پارامترها!$B$14))*100 -> 3.6541511 | U73: =MIN(100,پارامترها!$B$9/1000000/I73*100) -> 10.822511 | V73: =MAX(0,I73-پارامترها!$B$9/1000000) -> 16480 | W73: =V73/(G73*پارامترها!$B$7) -> 56.852412 | X73: =پارامترها!$B$12/1000000/(G73/12)*100 -> 50.018692 | Y73: =ROUND(50*MIN(1,3/K73)+50*MIN(1,30/P73),1) -> 30 | Z73: =RANK(Y73,$Y$2:$Y$350,0) -> 162 | AA73: 0 | AB73: 0 | AC73: برآورد از قیمت فروش | AD73: بدون داده (میانگین منطقه) | AE73: — | AF73: D
A74: 73 | B74: 4 | C74: کالاد | D74: 21603 | E74: =ROUND(D74/INDEX(مناطق!$D$2:$D$23,B74),0) -> 7153 | F74: 0.9927 | G74: =پارامترها!$B$5*F74/1000000 -> 966.24455 | H74: 246.4 | I74: =H74*پارامترها!$B$6 -> 18480 | K74: =I74/G74 -> 19.125593 | L74: =I74/(پارامترها!$B$5/1000000) -> 18.985976 | M74: =K74/پارامترها!$B$7 -> 63.751977 | N74: 24.25 | O74: =N74*پارامترها!$B$6*پارامترها!$B$16 -> 54.5625 | P74: =O74*12/G74*100 -> 67.762349 | Q74: =O74*12/(پارامترها!$B$5/1000000)*100 -> 67.267684 | R74: =IF(P74<=30,"قابل استطاعت",IF(P74<=50,"زیر فشار","فشار شدید")) -> فشار شدید | S74: =(1-NORMSDIST((LN(O74*12*1000000/پارامترها!$B$8)-پارامترها!$B$15)/پارامترها!$B$14))*100 -> 9.8019169 | T74: =(1-NORMSDIST((LN(I74*1000000/5)-پارامترها!$B$15)/پارامترها!$B$14))*100 -> 3.6541511 | U74: =MIN(100,پارامترها!$B$9/1000000/I74*100) -> 10.822511 | V74: =MAX(0,I74-پارامترها!$B$9/1000000) -> 16480 | W74: =V74/(G74*پارامترها!$B$7) -> 56.852412 | X74: =پارامترها!$B$12/1000000/(G74/12)*100 -> 50.018692 | Y74: =ROUND(50*MIN(1,3/K74)+50*MIN(1,30/P74),1) -> 30 | Z74: =RANK(Y74,$Y$2:$Y$350,0) -> 162 | AA74: 0 | AB74: 0 | AC74: برآورد از قیمت فروش | AD74: بدون داده (میانگین منطقه) | AE74: — | AF74: D
A75: 74 | B75: 4 | C75: علم و صنعت | D75: 46880 | E75: =ROUND(D75/INDEX(مناطق!$D$2:$D$23,B75),0) -> 15523 | F75: 0.9724 | G75: =پارامترها!$B$5*F75/1000000 -> 946.48554 | H75: 241.5 | I75: =H75*پارامترها!$B$6 -> 18112.5 | J75: 85 | K75: =I75/G75 -> 19.136584 | L75: =I75/(پارامترها!$B$5/1000000) -> 18.608414 | M75: =K75/پارامترها!$B$7 -> 63.788613 | N75: 22.28 | O75: =N75*پارامترها!$B$6*پارامترها!$B$16 -> 50.13 | P75: =O75*12/G75*100 -> 63.557231 | Q75: =O75*12/(پارامترها!$B$5/1000000)*100 -> 61.803051 | R75: =IF(P75<=30,"قابل استطاعت",IF(P75<=50,"زیر فشار","فشار شدید")) -> فشار شدید | S75: =(1-NORMSDIST((LN(O75*12*1000000/پارامترها!$B$8)-پارامترها!$B$15)/پارامترها!$B$14))*100 -> 11.264154 | T75: =(1-NORMSDIST((LN(I75*1000000/5)-پارامترها!$B$15)/پارامترها!$B$14))*100 -> 3.809203 | U75: =MIN(100,پارامترها!$B$9/1000000/I75*100) -> 11.042098 | V75: =MAX(0,I75-پارامترها!$B$9/1000000) -> 16112.5 | W75: =V75/(G75*پارامترها!$B$7) -> 56.745012 | X75: =پارامترها!$B$12/1000000/(G75/12)*100 -> 51.062892 | Y75: =ROUND(50*MIN(1,3/K75)+50*MIN(1,30/P75),1) -> 31.4 | Z75: =RANK(Y75,$Y$2:$Y$350,0) -> 88 | AA75: 87 | AB75: 75 | AC75: آگهی اجاره دیوار | AD75: دقیق | AE75: علم و صنعت | AF75: A
A76: 75 | B76: 4 | C76: مجید آباد | D76: 32569 | E76: =ROUND(D76/INDEX(مناطق!$D$2:$D$23,B76),0) -> 10784 | F76: 0.9468 | G76: =پارامترها!$B$5*F76/1000000 -> 921.56778 | H76: 235.4 | I76: =H76*پارامترها!$B$6 -> 17655 | J76: 71 | K76: =I76/G76 -> 19.157571 | L76: =I76/(پارامترها!$B$5/1000000) -> 18.138388 | M76: =K76/پارامترها!$B$7 -> 63.858569 | N76: 22.06 | O76: =N76*پارامترها!$B$6*پارامترها!$B$16 -> 49.635 | P76: =O76*12/G76*100 -> 64.631166 | Q76: =O76*12/(پارامترها!$B$5/1000000)*100 -> 61.192788 | R76: =IF(P76<=30,"قابل استطاعت",IF(P76<=50,"زیر فشار","فشار شدید")) -> فشار شدید | S76: =(1-NORMSDIST((LN(O76*12*1000000/پارامترها!$B$8)-پارامترها!$B$15)/پارامترها!$B$14))*100 -> 11.445106 | T76: =(1-NORMSDIST((LN(I76*1000000/5)-پارامترها!$B$15)/پارامترها!$B$14))*100 -> 4.0144092 | U76: =MIN(100,پارامترها!$B$9/1000000/I76*100) -> 11.328236 | V76: =MAX(0,I76-پارامترها!$B$9/1000000) -> 15655 | W76: =V76/(G76*پارامترها!$B$7) -> 56.62452 | X76: =پارامترها!$B$12/1000000/(G76/12)*100 -> 52.443553 | Y76: =ROUND(50*MIN(1,3/K76)+50*MIN(1,30/P76),1) -> 31 | Z76: =RANK(Y76,$Y$2:$Y$350,0) -> 103 | AA76: 85 | AB76: 79 | AC76: آگهی اجاره دیوار | AD76: دقیق | AE76: مجیدآباد | AF76: A
A77: 76 | B77: 4 | C77: اوقاف | D77: 49864 | E77: =ROUND(D77/INDEX(مناطق!$D$2:$D$23,B77),0) -> 16511 | F77: 0.8749 | G77: =پارامترها!$B$5*F77/1000000 -> 851.58392 | H77: 218.1 | I77: =H77*پارامترها!$B$6 -> 16357.5 | J77: 85 | K77: =I77/G77 -> 19.208324 | L77: =I77/(پارامترها!$B$5/1000000) -> 16.805363 | M77: =K77/پارامترها!$B$7 -> 64.027748 | N77: 18.92 | O77: =N77*پارامترها!$B$6*پارامترها!$B$16 -> 42.57 | P77: =O77*12/G77*100 -> 59.987042 | Q77: =O77*12/(پارامترها!$B$5/1000000)*100 -> 52.482663 | R77: =IF(P77<=30,"قابل استطاعت",IF(P77<=50,"زیر فشار","فشار شدید")) -> فشار شدید | S77: =(1-NORMSDIST((LN(O77*12*1000000/پارامترها!$B$8)-پارامترها!$B$15)/پارامترها!$B$14))*100 -> 14.511235 | T77: =(1-NORMSDIST((LN(I77*1000000/5)-پارامترها!$B$15)/پارامترها!$B$14))*100 -> 4.6805206 | U77: =MIN(100,پارامترها!$B$9/1000000/I77*100) -> 12.226807 | V77: =MAX(0,I77-پارامترها!$B$9/1000000) -> 14357.5 | W77: =V77/(G77*پارامترها!$B$7) -> 56.199198 | X77: =پارامترها!$B$12/1000000/(G77/12)*100 -> 56.753407 | Y77: =ROUND(50*MIN(1,3/K77)+50*MIN(1,30/P77),1) -> 32.8 | Z77: =RANK(Y77,$Y$2:$Y$350,0) -> 36 | AA77: 86 | AB77: 82 | AC77: آگهی اجاره دیوار | AD77: دقیق | AE77: اوقاف | AF77: A
A78: 77 | B78: 4 | C78: قاسم آباد-ده نارمک | D78: 21787 | E78: =ROUND(D78/INDEX(مناطق!$D$2:$D$23,B78),0) -> 7214 | F78: 0.872 | G78: =پارامترها!$B$5*F78/1000000 -> 848.7612 | H78: 217.4 | I78: =H78*پارامترها!$B$6 -> 16305 | J78: 85 | K78: =I78/G78 -> 19.21035 | L78: =I78/(پارامترها!$B$5/1000000) -> 16.751425 | M78: =K78/پارامترها!$B$7 -> 64.034501 | N78: 21.64 | O78: =N78*پارامترها!$B$6*پارامترها!$B$16 -> 48.69 | P78: =O78*12/G78*100 -> 68.839151 | Q78: =O78*12/(پارامترها!$B$5/1000000)*100 -> 60.027739 | R78: =IF(P78<=30,"قابل استطاعت",IF(P78<=50,"زیر فشار","فشار شدید")) -> فشار شدید | S78: =(1-NORMSDIST((LN(O78*12*1000000/پارامترها!$B$8)-پارامترها!$B$15)/پارامترها!$B$14))*100 -> 11.801491 | T78: =(1-NORMSDIST((LN(I78*1000000/5)-پارامترها!$B$15)/پارامترها!$B$14))*100 -> 4.7104112 | U78: =MIN(100,پارامترها!$B$9/1000000/I78*100) -> 12.266176 | V78: =MAX(0,I78-پارامترها!$B$9/1000000) -> 14305 | W78: =V78/(G78*پارامترها!$B$7) -> 56.179916 | X78: =پارامترها!$B$12/1000000/(G78/12)*100 -> 56.942151 | Y78: =ROUND(50*MIN(1,3/K78)+50*MIN(1,30/P78),1) -> 29.6 | Z78: =RANK(Y78,$Y$2:$Y$350,0) -> 185 | AA78: 90 | AB78: 86 | AC78: آگهی اجاره دیوار | AD78: دستی (نام مرکب/معادل) | AE78: قاسم‌آباد | AF78: A
A79: 78 | B79: 4 | C79: تهرانپارس شرقی | D79: 66818 | E79: =ROUND(D79/INDEX(مناطق!$D$2:$D$23,B79),0) -> 22125 | F79: 0.8249 | G79: =پارامترها!$B$5*F79/1000000 -> 802.91642 | H79: 206.1 | I79: =H79*پارامترها!$B$6 -> 15457.5 | J79: 72 | K79: =I79/G79 -> 19.251693 | L79: =I79/(پارامترها!$B$5/1000000) -> 15.880721 | M79: =K79/پارامترها!$B$7 -> 64.172309 | N79: 19.14 | O79: =N79*پارامترها!$B$6*پارامترها!$B$16 -> 43.065 | P79: =O79*12/G79*100 -> 64.362864 | Q79: =O79*12/(پارامترها!$B$5/1000000)*100 -> 53.092926 | R79: =IF(P79<=30,"قابل استطاعت",IF(P79<=50,"زیر فشار","فشار شدید")) -> فشار شدید | S79: =(1-NORMSDIST((LN(O79*12*1000000/پارامترها!$B$8)-پارامترها!$B$15)/پارامترها!$B$14))*100 -> 14.262755 | T79: =(1-NORMSDIST((LN(I79*1000000/5)-پارامترها!$B$15)/پارامترها!$B$14))*100 -> 5.2294383 | U79: =MIN(100,پارامترها!$B$9/1000000/I79*100) -> 12.938703 | V79: =MAX(0,I79-پارامترها!$B$9/1000000) -> 13457.5 | W79: =V79/(G79*پارامترها!$B$7) -> 55.869244 | X79: =پارامترها!$B$12/1000000/(G79/12)*100 -> 60.193424 | Y79: =ROUND(50*MIN(1,3/K79)+50*MIN(1,30/P79),1) -> 31.1 | Z79: =RANK(Y79,$Y$2:$Y$350,0) -> 95 | AA79: 85 | AB79: 84 | AC79: آگهی اجاره دیوار | AD79: دقیق | AE79: تهرانپارس شرقی | AF79: A
A80: 79 | B80: 4 | C80: جوادیه | D80: 58768 | E80: =ROUND(D80/INDEX(مناطق!$D$2:$D$23,B80),0) -> 19460 | F80: 0.6255 | G80: =پارامترها!$B$5*F80/1000000 -> 608.83042 | H80: 157.7 | I80: =H80*پارامترها!$B$6 -> 11827.5 | J80: 70 | K80: =I80/G80 -> 19.426592 | L80: =I80/(پارامترها!$B$5/1000000) -> 12.151333 | M80: =K80/پارامترها!$B$7 -> 64.755305 | N80: 14.99 | O80: =N80*پارامترها!$B$6*پارامترها!$B$16 -> 33.7275 | P80: =O80*12/G80*100 -> 66.476638 | Q80: =O80*12/(پارامترها!$B$5/1000000)*100 -> 41.581137 | R80: =IF(P80<=30,"قابل استطاعت",IF(P80<=50,"زیر فشار","فشار شدید")) -> فشار شدید | S80: =(1-NORMSDIST((LN(O80*12*1000000/پارامترها!$B$8)-پارامترها!$B$15)/پارامترها!$B$14))*100 -> 20.132476 | T80: =(1-NORMSDIST((LN(I80*1000000/5)-پارامترها!$B$15)/پارامترها!$B$14))*100 -> 8.5460092 | U80: =MIN(100,پارامترها!$B$9/1000000/I80*100) -> 16.909744 | V80: =MAX(0,I80-پارامترها!$B$9/1000000) -> 9827.5 | W80: =V80/(G80*پارامترها!$B$7) -> 53.805349 | X80: =پارامترها!$B$12/1000000/(G80/12)*100 -> 79.382183 | Y80: =ROUND(50*MIN(1,3/K80)+50*MIN(1,30/P80),1) -> 30.3 | Z80: =RANK(Y80,$Y$2:$Y$350,0) -> 151 | AA80: 79 | AB80: 74 | AC80: آگهی اجاره دیوار | AD80: دستی (نام مرکب/معادل) | AE80: جوادیه تهرانپارس | AF80: A
A81: 80 | B81: 4 | C81: شمیران نو | D81: 44857 | E81: =ROUND(D81/INDEX(مناطق!$D$2:$D$23,B81),0) -> 14853 | F81: 0.3846 | G81: =پارامترها!$B$5*F81/1000000 -> 374.35041 | H81: 98.6 | I81: =H81*پارامترها!$B$6 -> 7395 | J81: 60 | K81: =I81/G81 -> 19.754219 | L81: =I81/(پارامترها!$B$5/1000000) -> 7.5974726 | M81: =K81/پارامترها!$B$7 -> 65.847397 | N81: 11.46 | O81: =N81*پارامترها!$B$6*پارامترها!$B$16 -> 25.785 | P81: =O81*12/G81*100 -> 82.655179 | Q81: =O81*12/(پارامترها!$B$5/1000000)*100 -> 31.789182 | R81: =IF(P81<=30,"قابل استطاعت",IF(P81<=50,"زیر فشار","فشار شدید")) -> فشار شدید | S81: =(1-NORMSDIST((LN(O81*12*1000000/پارامترها!$B$8)-پارامترها!$B$15)/پارامترها!$B$14))*100 -> 28.0169 | T81: =(1-NORMSDIST((LN(I81*1000000/5)-پارامترها!$B$15)/پارامترها!$B$14))*100 -> 17.773081 | U81: =MIN(100,پارامترها!$B$9/1000000/I81*100) -> 27.045301 | V81: =MAX(0,I81-پارامترها!$B$9/1000000) -> 5395 | W81: =V81/(G81*پارامترها!$B$7) -> 48.03877 | X81: =پارامترها!$B$12/1000000/(G81/12)*100 -> 129.10441 | Y81: =ROUND(50*MIN(1,3/K81)+50*MIN(1,30/P81),1) -> 25.7 | Z81: =RANK(Y81,$Y$2:$Y$350,0) -> 313 | AA81: 65 | AB81: 63 | AC81: آگهی اجاره دیوار | AD81: دقیق | AE81: شمیران‌نو | AF81: A
A82: 81 | B82: 5 | C82: پونک جنوبی | D82: 35408 | E82: =ROUND(D82/INDEX(مناطق!$D$2:$D$23,B82),0) -> 12057 | F82: 1.5125 | G82: =پارامترها!$B$5*F82/1000000 -> 1472.1919 | H82: 380.3 | I82: =H82*پارامترها!$B$6 -> 28522.5 | J82: 87.5 | K82: =I82/G82 -> 19.374173 | L82: =I82/(پارامترها!$B$5/1000000) -> 29.303437 | M82: =K82/پارامترها!$B$7 -> 64.580576 | N82: 33.07 | O82: =N82*پارامترها!$B$6*پارامترها!$B$16 -> 74.4075 | P82: =O82*12/G82*100 -> 60.650382 | Q82: =O82*12/(پارامترها!$B$5/1000000)*100 -> 91.733703 | R82: =IF(P82<=30,"قابل استطاعت",IF(P82<=50,"زیر فشار","فشار شدید")) -> فشار شدید | S82: =(1-NORMSDIST((LN(O82*12*1000000/پارامترها!$B$8)-پارامترها!$B$15)/پارامترها!$B$14))*100 -> 5.6256097 | T82: =(1-NORMSDIST((LN(I82*1000000/5)-پارامترها!$B$15)/پارامترها!$B$14))*100 -> 1.377095 | U82: =MIN(100,پارامترها!$B$9/1000000/I82*100) -> 7.0120081 | V82: =MAX(0,I82-پارامترها!$B$9/1000000) -> 26522.5 | W82: =V82/(G82*پارامترها!$B$7) -> 60.052181 | X82: =پارامترها!$B$12/1000000/(G82/12)*100 -> 32.828797 | Y82: =ROUND(50*MIN(1,3/K82)+50*MIN(1,30/P82),1) -> 32.5 | Z82: =RANK(Y82,$Y$2:$Y$350,0) -> 42 | AA82: 90 | AB82: 89 | AC82: آگهی اجاره دیوار | AD82: دستی (نام مرکب/معادل) | AE82: پونک | AF82: A
A83: 82 | B83: 5 | C83: پونک شمالی | D83: 29387 | E83: =ROUND(D83/INDEX(مناطق!$D$2:$D$23,B83),0) -> 10006 | F83: 1.5125 | G83: =پارامترها!$B$5*F83/1000000 -> 1472.1919 | H83: 380.3 | I83: =H83*پارامترها!$B$6 -> 28522.5 | J83: 87.5 | K83: =I83/G83 -> 19.374173 | L83: =I83/(پارامترها!$B$5/1000000) -> 29.303437 | M83: =K83/پارامترها!$B$7 -> 64.580576 | N83: 33.07 | O83: =N83*پارامترها!$B$6*پارامترها!$B$16 -> 74.4075 | P83: =O83*12/G83*100 -> 60.650382 | Q83: =O83*12/(پارامترها!$B$5/1000000)*100 -> 91.733703 | R83: =IF(P83<=30,"قابل استطاعت",IF(P83<=50,"زیر فشار","فشار شدید")) -> فشار شدید | S83: =(1-NORMSDIST((LN(O83*12*1000000/پارامترها!$B$8)-پارامترها!$B$15)/پارامترها!$B$14))*100 -> 5.6256097 | T83: =(1-NORMSDIST((LN(I83*1000000/5)-پارامترها!$B$15)/پارامترها!$B$14))*100 -> 1.377095 | U83: =MIN(100,پارامترها!$B$9/1000000/I83*100) -> 7.0120081 | V83: =MAX(0,I83-پارامترها!$B$9/1000000) -> 26522.5 | W83: =V83/(G83*پارامترها!$B$7) -> 60.052181 | X83: =پارامترها!$B$12/1000000/(G83/12)*100 -> 32.828797 | Y83: =ROUND(50*MIN(1,3/K83)+50*MIN(1,30/P83),1) -> 32.5 | Z83: =RANK(Y83,$Y$2:$Y$350,0) -> 42 | AA83: 90 | AB83: 89 | AC83: آگهی اجاره دیوار | AD83: دستی (نام مرکب/معادل) | AE83: پونک | AF83: A
A84: 83 | B84: 5 | C84: اباذر | D84: 28191 | E84: =ROUND(D84/INDEX(مناطق!$D$2:$D$23,B84),0) -> 9599 | F84: 1.4809 | G84: =پارامترها!$B$5*F84/1000000 -> 1441.434 | H84: 372.6 | I84: =H84*پارامترها!$B$6 -> 27945 | J84: 110 | K84: =I84/G84 -> 19.386944 | L84: =I84/(پارامترها!$B$5/1000000) -> 28.710125 | M84: =K84/پارامترها!$B$7 -> 64.623145 | N84: 31.99 | O84: =N84*پارامترها!$B$6*پارامترها!$B$16 -> 71.9775 | P84: =O84*12/G84*100 -> 59.921577 | Q84: =O84*12/(پارامترها!$B$5/1000000)*100 -> 88.737864 | R84: =IF(P84<=30,"قابل استطاعت",IF(P84<=50,"زیر فشار","فشار شدید")) -> فشار شدید | S84: =(1-NORMSDIST((LN(O84*12*1000000/پارامترها!$B$8)-پارامترها!$B$15)/پارامترها!$B$14))*100 -> 5.9910521 | T84: =(1-NORMSDIST((LN(I84*1000000/5)-پارامترها!$B$15)/پارامترها!$B$14))*100 -> 1.4467938 | U84: =MIN(100,پارامترها!$B$9/1000000/I84*100) -> 7.1569154 | V84: =MAX(0,I84-پارامترها!$B$9/1000000) -> 25945 | W84: =V84/(G84*پارامترها!$B$7) -> 59.998122 | X84: =پارامترها!$B$12/1000000/(G84/12)*100 -> 33.52931 | Y84: =ROUND(50*MIN(1,3/K84)+50*MIN(1,30/P84),1) -> 32.8 | Z84: =RANK(Y84,$Y$2:$Y$350,0) -> 36 | AA84: 91 | AB84: 91 | AC84: آگهی اجاره دیوار | AD84: دقیق | AE84: اباذر | AF84: A
A85: 84 | B85: 5 | C85: مهران | D85: 34036 | E85: =ROUND(D85/INDEX(مناطق!$D$2:$D$23,B85),0) -> 11589 | F85: 1.454 | G85: =پارامترها!$B$5*F85/1000000 -> 1415.2509 | H85: 366 | I85: =H85*پارامترها!$B$6 -> 27450 | J85: 104 | K85: =I85/G85 -> 19.395854 | L85: =I85/(پارامترها!$B$5/1000000) -> 28.201572 | M85: =K85/پارامترها!$B$7 -> 64.652847 | N85: 32.1 | O85: =N85*پارامترها!$B$6*پارامترها!$B$16 -> 72.225 | P85: =O85*12/G85*100 -> 61.240025 | Q85: =O85*12/(پارامترها!$B$5/1000000)*100 -> 89.042996 | R85: =IF(P85<=30,"قابل استطاعت",IF(P85<=50,"زیر فشار","فشار شدید")) -> فشار شدید | S85: =(1-NORMSDIST((LN(O85*12*1000000/پارامترها!$B$8)-پارامترها!$B$15)/پارامترها!$B$14))*100 -> 5.9524303 | T85: =(1-NORMSDIST((LN(I85*1000000/5)-پارامترها!$B$15)/پارامترها!$B$14))*100 -> 1.5101569 | U85: =MIN(100,پارامترها!$B$9/1000000/I85*100) -> 7.2859745 | V85: =MAX(0,I85-پارامترها!$B$9/1000000) -> 25450 | W85: =V85/(G85*پارامترها!$B$7) -> 59.942257 | X85: =پارامترها!$B$12/1000000/(G85/12)*100 -> 34.149626 | Y85: =ROUND(50*MIN(1,3/K85)+50*MIN(1,30/P85),1) -> 32.2 | Z85: =RANK(Y85,$Y$2:$Y$350,0) -> 53 | AA85: 90 | AB85: 90 | AC85: آگهی اجاره دیوار | AD85: دستی (نام مرکب/معادل) | AE85: مهران | AF85: A
A86: 85 | B86: 5 | C86: شهرک نفت | D86: 14997 | E86: =ROUND(D86/INDEX(مناطق!$D$2:$D$23,B86),0) -> 5107 | F86: 1.4026 | G86: =پارامترها!$B$5*F86/1000000 -> 1365.2207 | H86: 353.5 | I86: =H86*پارامترها!$B$6 -> 26512.5 | J86: 83 | K86: =I86/G86 -> 19.419937 | L86: =I86/(پارامترها!$B$5/1000000) -> 27.238403 | M86: =K86/پارامترها!$B$7 -> 64.733123 | N86: 31.55 | O86: =N86*پارامترها!$B$6*پارامترها!$B$16 -> 70.9875 | P86: =O86*12/G86*100 -> 62.396504 | Q86: =O86*12/(پارامترها!$B$5/1000000)*100 -> 87.517337 | R86: =IF(P86<=30,"قابل استطاعت",IF(P86<=50,"زیر فشار","فشار شدید")) -> فشار شدید | S86: =(1-NORMSDIST((LN(O86*12*1000000/پارامترها!$B$8)-پارامترها!$B$15)/پارامترها!$B$14))*100 -> 6.1488755 | T86: =(1-NORMSDIST((LN(I86*1000000/5)-پارامترها!$B$15)/پارامترها!$B$14))*100 -> 1.6402038 | U86: =MIN(100,پارامترها!$B$9/1000000/I86*100) -> 7.5436115 | V86: =MAX(0,I86-پارامترها!$B$9/1000000) -> 24512.5 | W86: =V86/(G86*پارامترها!$B$7) -> 59.849908 | X86: =پارامترها!$B$12/1000000/(G86/12)*100 -> 35.401081 | Y86: =ROUND(50*MIN(1,3/K86)+50*MIN(1,30/P86),1) -> 31.8 | Z86: =RANK(Y86,$Y$2:$Y$350,0) -> 75 | AA86: 89 | AB86: 89 | AC86: آگهی اجاره دیوار | AD86: دستی (نام مرکب/معادل) | AE86: شهرک نفت | AF86: A
... A116: 115 | B116: 6 | C116: سنائی | D116: 13634 | E116: =ROUND(D116/INDEX(مناطق!$D$2:$D$23,B116),0) -> 4616 | F116: 1.4423 | G116: =پارامترها!$B$5*F116/1000000 -> 1403.8627 | H116: 361.2 | I116: =H116*پارامترها!$B$6 -> 27090 | J116: 107.5 | K116: =I116/G116 -> 19.296759 | L116: =I116/(پارامترها!$B$5/1000000) -> 27.831715 | M116: =K116/پارامترها!$B$7 -> 64.322529 | N116: 26.67 | O116: =N116*پارامترها!$B$6*پارامترها!$B$16 -> 60.0075 | P116: =O116*12/G116*100 -> 51.293477 | Q116: =O116*12/(پارامترها!$B$5/1000000)*100 -> 73.980583 | R116: =IF(P116<=30,"قابل استطاعت",IF(P116<=50,"زیر فشار","فشار شدید")) -> فشار شدید | S116: =(1-NORMSDIST((LN(O116*12*1000000/پارامترها!$B$8)-پارامترها!$B$15)/پارامترها!$B$14))*100 -> 8.3317403 | T116: =(1-NORMSDIST((LN(I116*1000000/5)-پارامترها!$B$15)/پارامترها!$B$14))*100 -> 1.558479 | U116: =MIN(100,پارامترها!$B$9/1000000/I116*100) -> 7.3827981 | V116: =MAX(0,I116-پارامترها!$B$9/1000000) -> 25090 | W116: =V116/(G116*پارامترها!$B$7) -> 59.573727 | X116: =پارامترها!$B$12/1000000/(G116/12)*100 -> 34.426649 | Y116: =ROUND(50*MIN(1,3/K116)+50*MIN(1,30/P116),1) -> 37 | Z116: =RANK(Y116,$Y$2:$Y$350,0) -> 3 | AA116: 92 | AB116: 80 | AC116: آگهی اجاره دیوار | AD116: دقیق | AE116: سنائی | AF116: A
A117: 116 | B117: 6 | C117: دانشگاه تهران | D117: 10938 | E117: =ROUND(D117/INDEX(مناطق!$D$2:$D$23,B117),0) -> 3703 | F117: 1.3767 | G117: =پارامترها!$B$5*F117/1000000 -> 1340.0109 | H117: 345.3 | I117: =H117*پارامترها!$B$6 -> 25897.5 | K117: =I117/G117 -> 19.326335 | L117: =I117/(پارامترها!$B$5/1000000) -> 26.606565 | M117: =K117/پارامترها!$B$7 -> 64.421116 | N117: 33.98 | O117: =N117*پارامترها!$B$6*پارامترها!$B$16 -> 76.455 | P117: =O117*12/G117*100 -> 68.466605 | Q117: =O117*12/(پارامترها!$B$5/1000000)*100 -> 94.257975 | R117: =IF(P117<=30,"قابل استطاعت",IF(P117<=50,"زیر فشار","فشار شدید")) -> فشار شدید | S117: =(1-NORMSDIST((LN(O117*12*1000000/پارامترها!$B$8)-پارامترها!$B$15)/پارامترها!$B$14))*100 -> 5.3400919 | T117: =(1-NORMSDIST((LN(I117*1000000/5)-پارامترها!$B$15)/پارامترها!$B$14))*100 -> 1.7333642 | U117: =MIN(100,پارامترها!$B$9/1000000/I117*100) -> 7.7227532 | V117: =MAX(0,I117-پارامترها!$B$9/1000000) -> 23897.5 | W117: =V117/(G117*پارامترها!$B$7) -> 59.446032 | X117: =پارامترها!$B$12/1000000/(G117/12)*100 -> 36.067085 | Y117: =ROUND(50*MIN(1,3/K117)+50*MIN(1,30/P117),1) -> 29.7 | Z117: =RANK(Y117,$Y$2:$Y$350,0) -> 179 | AA117: 0 | AB117: 0 | AC117: برآورد از قیمت فروش | AD117: بدون داده (میانگین منطقه) | AE117: — | AF117: D
A118: 117 | B118: 6 | C118: ساعی | D118: 8875 | E118: =ROUND(D118/INDEX(مناطق!$D$2:$D$23,B118),0) -> 3005 | F118: 1.3767 | G118: =پارامترها!$B$5*F118/1000000 -> 1340.0109 | H118: 345.3 | I118: =H118*پارامترها!$B$6 -> 25897.5 | K118: =I118/G118 -> 19.326335 | L118: =I118/(پارامترها!$B$5/1000000) -> 26.606565 | M118: =K118/پارامترها!$B$7 -> 64.421116 | N118: 33.98 | O118: =N118*پارامترها!$B$6*پارامترها!$B$16 -> 76.455 | P118: =O118*12/G118*100 -> 68.466605 | Q118: =O118*12/(پارامترها!$B$5/1000000)*100 -> 94.257975 | R118: =IF(P118<=30,"قابل استطاعت",IF(P118<=50,"زیر فشار","فشار شدید")) -> فشار شدید | S118: =(1-NORMSDIST((LN(O118*12*1000000/پارامترها!$B$8)-پارامترها!$B$15)/پارامترها!$B$14))*100 -> 5.3400919 | T118: =(1-NORMSDIST((LN(I118*1000000/5)-پارامترها!$B$15)/پارامترها!$B$14))*100 -> 1.7333642 | U118: =MIN(100,پارامترها!$B$9/1000000/I118*100) -> 7.7227532 | V118: =MAX(0,I118-پارامترها!$B$9/1000000) -> 23897.5 | W118: =V118/(G118*پارامترها!$B$7) -> 59.446032 | X118: =پارامترها!$B$12/1000000/(G118/12)*100 -> 36.067085 | Y118: =ROUND(50*MIN(1,3/K118)+50*MIN(1,30/P118),1) -> 29.7 | Z118: =RANK(Y118,$Y$2:$Y$350,0) -> 179 | AA118: 0 | AB118: 0 | AC118: برآورد از قیمت فروش | AD118: بدون داده (میانگین منطقه) | AE118: — | AF118: D
A119: 118 | B119: 6 | C119: فاطمی | D119: 32856 | E119: =ROUND(D119/INDEX(مناطق!$D$2:$D$23,B119),0) -> 11124 | F119: 1.3686 | G119: =پارامترها!$B$5*F119/1000000 -> 1332.1268 | H119: 343.3 | I119: =H119*پارامترها!$B$6 -> 25747.5 | J119: 116 | K119: =I119/G119 -> 19.328115 | L119: =I119/(پارامترها!$B$5/1000000) -> 26.452458 | M119: =K119/پارامترها!$B$7 -> 64.42705 | N119: 29.26 | O119: =N119*پارامترها!$B$6*پارامترها!$B$16 -> 65.835 | P119: =O119*12/G119*100 -> 59.305165 | Q119: =O119*12/(پارامترها!$B$5/1000000)*100 -> 81.165049 | R119: =IF(P119<=30,"قابل استطاعت",IF(P119<=50,"زیر فشار","فشار شدید")) -> فشار شدید | S119: =(1-NORMSDIST((LN(O119*12*1000000/پارامترها!$B$8)-پارامترها!$B$15)/پارامترها!$B$14))*100 -> 7.0650806 | T119: =(1-NORMSDIST((LN(I119*1000000/5)-پارامترها!$B$15)/پارامترها!$B$14))*100 -> 1.7571076 | U119: =MIN(100,پارامترها!$B$9/1000000/I119*100) -> 7.7677444 | V119: =MAX(0,I119-پارامترها!$B$9/1000000) -> 23747.5 | W119: =V119/(G119*پارامترها!$B$7) -> 59.422521 | X119: =پارامترها!$B$12/1000000/(G119/12)*100 -> 36.280546 | Y119: =ROUND(50*MIN(1,3/K119)+50*MIN(1,30/P119),1) -> 33.1 | Z119: =RANK(Y119,$Y$2:$Y$350,0) -> 30 | AA119: 90 | AB119: 86 | AC119: آگهی اجاره دیوار | AD119: دقیق | AE119: فاطمی | AF119: A
A120: 119 | B120: 6 | C120: کشاورز | D120: 14567 | E120: =ROUND(D120/INDEX(مناطق!$D$2:$D$23,B120),0) -> 4932 | F120: 1.1804 | G120: =پارامترها!$B$5*F120/1000000 -> 1148.9423 | H120: 297.6 | I120: =H120*پارامترها!$B$6 -> 22320 | J120: 105 | K120: =I120/G120 -> 19.426562 | L120: =I120/(پارامترها!$B$5/1000000) -> 22.931114 | M120: =K120/پارامترها!$B$7 -> 64.755208 | N120: 29.07 | O120: =N120*پارامترها!$B$6*پارامترها!$B$16 -> 65.4075 | P120: =O120*12/G120*100 -> 68.314133 | Q120: =O120*12/(پارامترها!$B$5/1000000)*100 -> 80.638003 | R120: =IF(P120<=30,"قابل استطاعت",IF(P120<=50,"زیر فشار","فشار شدید")) -> فشار شدید | S120: =(1-NORMSDIST((LN(O120*12*1000000/پارامترها!$B$8)-پارامترها!$B$15)/پارامترها!$B$14))*100 -> 7.1489761 | T120: =(1-NORMSDIST((LN(I120*1000000/5)-پارامترها!$B$15)/پارامترها!$B$14))*100 -> 2.4345369 | U120: =MIN(100,پارامترها!$B$9/1000000/I120*100) -> 8.9605735 | V120: =MAX(0,I120-پارامترها!$B$9/1000000) -> 20320 | W120: =V120/(G120*پارامترها!$B$7) -> 58.95277 | X120: =پارامترها!$B$12/1000000/(G120/12)*100 -> 42.065025 | Y120: =ROUND(50*MIN(1,3/K120)+50*MIN(1,30/P120),1) -> 29.7 | Z120: =RANK(Y120,$Y$2:$Y$350,0) -> 179 | AA120: 86 | AB120: 86 | AC120: آگهی اجاره دیوار | AD120: دستی (نام مرکب/معادل) | AE120: بلوار کشاورز | AF120: A
A121: 120 | B121: 6 | C121: بهجت آباد | D121: 12672 | E121: =ROUND(D121/INDEX(مناطق!$D$2:$D$23,B121),0) -> 4290 | F121: 1.1648 | G121: =پارامترها!$B$5*F121/1000000 -> 1133.7581 | H121: 293.8 | I121: =H121*پارامترها!$B$6 -> 22035 | J121: 100 | K121: =I121/G121 -> 19.435363 | L121: =I121/(پارامترها!$B$5/1000000) -> 22.638311 | M121: =K121/پارامترها!$B$7 -> 64.784544 | N121: 26.94 | O121: =N121*پارامترها!$B$6*پارامترها!$B$16 -> 60.615 | P121: =O121*12/G121*100 -> 64.156544 | Q121: =O121*12/(پارامترها!$B$5/1000000)*100 -> 74.729542 | R121: =IF(P121<=30,"قابل استطاعت",IF(P121<=50,"زیر فشار","فشار شدید")) -> فشار شدید | S121: =(1-NORMSDIST((LN(O121*12*1000000/پارامترها!$B$8)-پارامترها!$B$15)/پارامترها!$B$14))*100 -> 8.1863259 | T121: =(1-NORMSDIST((LN(I121*1000000/5)-پارامترها!$B$15)/پارامترها!$B$14))*100 -> 2.5050133 | U121: =MIN(100,پارامترها!$B$9/1000000/I121*100) -> 9.0764693 | V121: =MAX(0,I121-پارامترها!$B$9/1000000) -> 20035 | W121: =V121/(G121*پارامترها!$B$7) -> 58.904395 | X121: =پارامترها!$B$12/1000000/(G121/12)*100 -> 42.628396 | Y121: =ROUND(50*MIN(1,3/K121)+50*MIN(1,30/P121),1) -> 31.1 | Z121: =RANK(Y121,$Y$2:$Y$350,0) -> 95 | AA121: 84 | AB121: 72 | AC121: آگهی اجاره دیوار | AD121: دقیق | AE121: بهجت‌آباد | AF121: A
A122: 121 | B122: 6 | C122: ایرانشهر | D122: 9593 | E122: =ROUND(D122/INDEX(مناطق!$D$2:$D$23,B122),0) -> 3248 | F122: 1.0598 | G122: =پارامترها!$B$5*F122/1000000 -> 1031.5563 | H122: 268.2 | I122: =H122*پارامترها!$B$6 -> 20115 | J122: 82 | K122: =I122/G122 -> 19.499662 | L122: =I122/(پارامترها!$B$5/1000000) -> 20.665742 | M122: =K122/پارامترها!$B$7 -> 64.998874 | N122: 25.66 | O122: =N122*پارامترها!$B$6*پارامترها!$B$16 -> 57.735 | P122: =O122*12/G122*100 -> 67.162595 | Q122: =O122*12/(پارامترها!$B$5/1000000)*100 -> 71.178918 | R122: =IF(P122<=30,"قابل استطاعت",IF(P122<=50,"زیر فشار","فشار شدید")) -> فشار شدید | S122: =(1-NORMSDIST((LN(O122*12*1000000/پارامترها!$B$8)-پارامترها!$B$15)/پارامترها!$B$14))*100 -> 8.9070766 | T122: =(1-NORMSDIST((LN(I122*1000000/5)-پارامترها!$B$15)/پارامترها!$B$14))*100 -> 3.0556243 | U122: =MIN(100,پارامترها!$B$9/1000000/I122*100) -> 9.9428287 | V122: =MAX(0,I122-پارامترها!$B$9/1000000) -> 18115 | W122: =V122/(G122*پارامترها!$B$7) -> 58.536147 | X122: =پارامترها!$B$12/1000000/(G122/12)*100 -> 46.851817 | Y122: =ROUND(50*MIN(1,3/K122)+50*MIN(1,30/P122),1) -> 30 | Z122: =RANK(Y122,$Y$2:$Y$350,0) -> 162 | AA122: 92 | AB122: 70 | AC122: آگهی اجاره دیوار | AD122: دقیق | AE122: ایرانشهر | AF122: A
A123: 122 | B123: 6 | C123: ولیعصر | D123: 13432 | E123: =ROUND(D123/INDEX(مناطق!$D$2:$D$23,B123),0) -> 4548 | F123: 0.9704 | G123: =پارامترها!$B$5*F123/1000000 -> 944.53884 | H123: 246.3 | I123: =H123*پارامترها!$B$6 -> 18472.5 | J123: 94 | K123: =I123/G123 -> 19.557163 | L123: =I123/(پارامترها!$B$5/1000000) -> 18.978271 | M123: =K123/پارامترها!$B$7 -> 65.190543 | N123: 25.03 | O123: =N123*پارامترها!$B$6*پارامترها!$B$16 -> 56.3175 | P123: =O123*12/G123*100 -> 71.549202 | Q123: =O123*12/(پارامترها!$B$5/1000000)*100 -> 69.431345 | R123: =IF(P123<=30,"قابل استطاعت",IF(P123<=50,"زیر فشار","فشار شدید")) -> فشار شدید | S123: =(1-NORMSDIST((LN(O123*12*1000000/پارامترها!$B$8)-پارامترها!$B$15)/پارامترها!$B$14))*100 -> 9.2928735 | T123: =(1-NORMSDIST((LN(I123*1000000/5)-پارامترها!$B$15)/پارامترها!$B$14))*100 -> 3.6572326 | U123: =MIN(100,پارامترها!$B$9/1000000/I123*100) -> 10.826905 | V123: =MAX(0,I123-پارامترها!$B$9/1000000) -> 16472.5 | W123: =V123/(G123*پارامترها!$B$7) -> 58.132425 | X123: =پارامترها!$B$12/1000000/(G123/12)*100 -> 51.168132 | Y123: =ROUND(50*MIN(1,3/K123)+50*MIN(1,30/P123),1) -> 28.6 | Z123: =RANK(Y123,$Y$2:$Y$350,0) -> 235 | AA123: 88 | AB123: 54 | AC123: آگهی اجاره دیوار | AD123: دستی (نام مرکب/معادل) | AE123: میدان ولیعصر | AF123: A
A124: 123 | B124: 6 | C124: جمالزاده | D124: 25495 | E124: =ROUND(D124/INDEX(مناطق!$D$2:$D$23,B124),0) -> 8632 | F124: 0.7959 | G124: =پارامترها!$B$5*F124/1000000 -> 774.68927 | H124: 203.4 | I124: =H124*پارامترها!$B$6 -> 15255 | J124: 75.5 | K124: =I124/G124 -> 19.691766 | L124: =I124/(پارامترها!$B$5/1000000) -> 15.672677 | M124: =K124/پارامترها!$B$7 -> 65.639221 | N124: 23.29 | O124: =N124*پارامترها!$B$6*پارامترها!$B$16 -> 52.4025 | P124: =O124*12/G124*100 -> 81.171901 | Q124: =O124*12/(پارامترها!$B$5/1000000)*100 -> 64.604716 | R124: =IF(P124<=30,"قابل استطاعت",IF(P124<=50,"زیر فشار","فشار شدید")) -> فشار شدید | S124: =(1-NORMSDIST((LN(O124*12*1000000/پارامترها!$B$8)-پارامترها!$B$15)/پارامترها!$B$14))*100 -> 10.480678 | T124: =(1-NORMSDIST((LN(I124*1000000/5)-پارامترها!$B$15)/پارامترها!$B$14))*100 -> 5.3644196 | U124: =MIN(100,پارامترها!$B$9/1000000/I124*100) -> 13.110456 | V124: =MAX(0,I124-پارامترها!$B$9/1000000) -> 13255 | W124: =V124/(G124*پارامترها!$B$7) -> 57.03362 | X124: =پارامترها!$B$12/1000000/(G124/12)*100 -> 62.386676 | Y124: =ROUND(50*MIN(1,3/K124)+50*MIN(1,30/P124),1) -> 26.1 | Z124: =RANK(Y124,$Y$2:$Y$350,0) -> 306 | AA124: 89 | AB124: 83 | AC124: آگهی اجاره دیوار | AD124: دقیق | AE124: جمال‌زاده | AF124: A
A125: 124 | B125: 7 | C125: نیلوفر- شهید قندی | D125: 27721 | E125: =ROUND(D125/INDEX(مناطق!$D$2:$D$23,B125),0) -> 10296 | F125: 1.5262 | G125: =پارامترها!$B$5*F125/1000000 -> 1485.5268 | H125: 417.2 | I125: =H125*پارامترها!$B$6 -> 31290 | J125: 121.5 | K125: =I125/G125 -> 21.063235 | L125: =I125/(پارامترها!$B$5/1000000) -> 32.14671 | M125: =K125/پارامترها!$B$7 -> 70.210785 | N125: 37.25 | O125: =N125*پارامترها!$B$6*پارامترها!$B$16 -> 83.8125 | P125: =O125*12/G125*100 -> 67.703257 | Q125: =O125*12/(پارامترها!$B$5/1000000)*100 -> 103.32871 | R125: =IF(P125<=30,"قابل استطاعت",IF(P125<=50,"زیر فشار","فشار شدید")) -> فشار شدید | S125: =(1-NORMSDIST((LN(O125*12*1000000/پارامترها!$B$8)-پارامترها!$B$15)/پارامترها!$B$14))*100 -> 4.4580625 | T125: =(1-NORMSDIST((LN(I125*1000000/5)-پارامترها!$B$15)/پارامترها!$B$14))*100 -> 1.0966077 | U125: =MIN(100,پارامترها!$B$9/1000000/I125*100) -> 6.3918185 | V125: =MAX(0,I125-پارامترها!$B$9/1000000) -> 29290 | W125: =V125/(G125*پارامترها!$B$7) -> 65.723039 | X125: =پارامترها!$B$12/1000000/(G125/12)*100 -> 32.534108 | Y125: =ROUND(50*MIN(1,3/K125)+50*MIN(1,30/P125),1) -> 29.3 | Z125: =RANK(Y125,$Y$2:$Y$350,0) -> 200 | AA125: 94 | AB125: 89 | AC125: آگهی اجاره دیوار | AD125: دستی (نام مرکب/معادل) | AE125: نیلوفر | AF125: A
A126: 125 | B126: 7 | C126: عباس آباد - اندیشه | D126: 19427 | E126: =ROUND(D126/INDEX(مناطق!$D$2:$D$23,B126),0) -> 7215 | F126: 1.2853 | G126: =پارامترها!$B$5*F126/1000000 -> 1251.0468 | H126: 353.4 | I126: =H126*پارامترها!$B$6 -> 26505 | J126: 115 | K126: =I126/G126 -> 21.186259 | L126: =I126/(پارامترها!$B$5/1000000) -> 27.230698 | M126: =K126/پارامترها!$B$7 -> 70.620862 | N126: 29.14 | O126: =N126*پارامترها!$B$6*پارامترها!$B$16 -> 65.565 | P126: =O126*12/G126*100 -> 62.889736 | Q126: =O126*12/(پارامترها!$B$5/1000000)*100 -> 80.832178 | R126: =IF(P126<=30,"قابل استطاعت",IF(P126<=50,"زیر فشار","فشار شدید")) -> فشار شدید | S126: =(1-NORMSDIST((LN(O126*12*1000000/پارامترها!$B$8)-پارامترها!$B$15)/پارامترها!$B$14))*100 -> 7.117915 | T126: =(1-NORMSDIST((LN(I126*1000000/5)-پارامترها!$B$15)/پارامترها!$B$14))*100 -> 1.6413007 | U126: =MIN(100,پارامترها!$B$9/1000000/I126*100) -> 7.5457461 | V126: =MAX(0,I126-پارامترها!$B$9/1000000) -> 24505 | W126: =V126/(G126*پارامترها!$B$7) -> 65.291991 | X126: =پارامترها!$B$12/1000000/(G126/12)*100 -> 38.63188 | Y126: =ROUND(50*MIN(1,3/K126)+50*MIN(1,30/P126),1) -> 30.9 | Z126: =RANK(Y126,$Y$2:$Y$350,0) -> 109 | AA126: 93 | AB126: 75 | AC126: آگهی اجاره دیوار | AD126: دستی (نام مرکب/معادل) | AE126: عباس‌آباد | AF126: A
A127: 126 | B127: 7 | C127: سهروردی - باغ صبا | D127: 21177 | E127: =ROUND(D127/INDEX(مناطق!$D$2:$D$23,B127),0) -> 7865 | F127: 1.0884 | G127: =پارامترها!$B$5*F127/1000000 -> 1059.3941 | H127: 300.9 | I127: =H127*پارامترها!$B$6 -> 22567.5 | J127: 91.5 | K127: =I127/G127 -> 21.30227 | L127: =I127/(پارامترها!$B$5/1000000) -> 23.185391 | M127: =K127/پارامترها!$B$7 -> 71.007567 | N127: 31.51 | O127: =N127*پارامترها!$B$6*پارامترها!$B$16 -> 70.8975 | P127: =O127*12/G127*100 -> 80.307222 | Q127: =O127*12/(پارامترها!$B$5/1000000)*100 -> 87.40638 | R127: =IF(P127<=30,"قابل استطاعت",IF(P127<=50,"زیر فشار","فشار شدید")) -> فشار شدید | S127: =(1-NORMSDIST((LN(O127*12*1000000/پارامترها!$B$8)-پارامترها!$B$15)/پارامترها!$B$14))*100 -> 6.1634929 | T127: =(1-NORMSDIST((LN(I127*1000000/5)-پارامترها!$B$15)/پارامترها!$B$14))*100 -> 2.3753945 | U127: =MIN(100,پارامترها!$B$9/1000000/I127*100) -> 8.862302 | V127: =MAX(0,I127-پارامترها!$B$9/1000000) -> 20567.5 | W127: =V127/(G127*پارامترها!$B$7) -> 64.714662 | X127: =پارامترها!$B$12/1000000/(G127/12)*100 -> 45.620687 | Y127: =ROUND(50*MIN(1,3/K127)+50*MIN(1,30/P127),1) -> 25.7 | Z127: =RANK(Y127,$Y$2:$Y$350,0) -> 313 | AA127: 92 | AB127: 86 | AC127: آگهی اجاره دیوار | AD127: دستی (نام مرکب/معادل) | AE127: سهروردی | AF127: A
A128: 127 | B128: 7 | C128: بهار | D128: 21519 | E128: =ROUND(D128/INDEX(مناطق!$D$2:$D$23,B128),0) -> 7992 | F128: 1.0347 | G128: =پارامترها!$B$5*F128/1000000 -> 1007.1252 | H128: 286.6 | I128: =H128*پارامترها!$B$6 -> 21495 | J128: 100 | K128: =I128/G128 -> 21.342926 | L128: =I128/(پارامترها!$B$5/1000000) -> 22.083526 | M128: =K128/پارامترها!$B$7 -> 71.143088 | N128: 27.44 | O128: =N128*پارامترها!$B$6*پارامترها!$B$16 -> 61.74 | P128: =O128*12/G128*100 -> 73.56384 | Q128: =O128*12/(پارامترها!$B$5/1000000)*100 -> 76.116505 | R128: =IF(P128<=30,"قابل استطاعت",IF(P128<=50,"زیر فشار","فشار شدید")) -> فشار شدید | S128: =(1-NORMSDIST((LN(O128*12*1000000/پارامترها!$B$8)-پارامترها!$B$15)/پارامترها!$B$14))*100 -> 7.9257938 | T128: =(1-NORMSDIST((LN(I128*1000000/5)-پارامترها!$B$15)/پارامترها!$B$14))*100 -> 2.645926 | U128: =MIN(100,پارامترها!$B$9/1000000/I128*100) -> 9.3044894 | V128: =MAX(0,I128-پارامترها!$B$9/1000000) -> 19495 | W128: =V128/(G128*پارامترها!$B$7) -> 64.523587 | X128: =پارامترها!$B$12/1000000/(G128/12)*100 -> 47.98836 | Y128: =ROUND(50*MIN(1,3/K128)+50*MIN(1,30/P128),1) -> 27.4 | Z128: =RANK(Y128,$Y$2:$Y$350,0) -> 278 | AA128: 89 | AB128: 85 | AC128: آگهی اجاره دیوار | AD128: دقیق | AE128: بهار | AF128: A
A129: 128 | B129: 7 | C129: امجدیه - خاقانی | D129: 9558 | E129: =ROUND(D129/INDEX(مناطق!$D$2:$D$23,B129),0) -> 3550 | F129: 0.9328 | G129: =پارامترها!$B$5*F129/1000000 -> 907.94088 | H129: 259.3 | I129: =H129*پارامترها!$B$6 -> 19447.5 | J129: 91 | K129: =I129/G129 -> 21.419346 | L129: =I129/(پارامترها!$B$5/1000000) -> 19.979966 | M129: =K129/پارامترها!$B$7 -> 71.397821 | N129: 26.99 | O129: =N129*پارامترها!$B$6*پارامترها!$B$16 -> 60.7275 | P129: =O129*12/G129*100 -> 80.261834 | Q129: =O129*12/(پارامترها!$B$5/1000000)*100 -> 74.868239 | R129: =IF(P129<=30,"قابل استطاعت",IF(P129<=50,"زیر فشار","فشار شدید")) -> فشار شدید | S129: =(1-NORMSDIST((LN(O129*12*1000000/پارامترها!$B$8)-پارامترها!$B$15)/پارامترها!$B$14))*100 -> 8.159767 | T129: =(1-NORMSDIST((LN(I129*1000000/5)-پارامترها!$B$15)/پارامترها!$B$14))*100 -> 3.2833639 | U129: =MIN(100,پارامترها!$B$9/1000000/I129*100) -> 10.284098 | V129: =MAX(0,I129-پارامترها!$B$9/1000000) -> 17447.5 | W129: =V129/(G129*پارامترها!$B$7) -> 64.055199 | X129: =پارامترها!$B$12/1000000/(G129/12)*100 -> 53.230656 | Y129: =ROUND(50*MIN(1,3/K129)+50*MIN(1,30/P129),1) -> 25.7 | Z129: =RANK(Y129,$Y$2:$Y$350,0) -> 313 | AA129: 63 | AB129: 32 | AC129: آگهی اجاره دیوار | AD129: دستی (نام مرکب/معادل) | AE129: امجدیه (خاقانی) | AF129: A
A130: 129 | B130: 7 | C130: مجیدیه - دبستان | D130: 22372 | E130: =ROUND(D130/INDEX(مناطق!$D$2:$D$23,B130),0) -> 8309 | F130: 0.9035 | G130: =پارامترها!$B$5*F130/1000000 -> 879.42173 | H130: 251.4 | I130: =H130*پارامترها!$B$6 -> 18855 | J130: 75 | K130: =I130/G130 -> 21.440225 | L130: =I130/(پارامترها!$B$5/1000000) -> 19.371244 | M130: =K130/پارامترها!$B$7 -> 71.467418 | N130: 26.31 | O130: =N130*پارامترها!$B$6*پارامترها!$B$16 -> 59.1975 | P130: =O130*12/G130*100 -> 80.776945 | Q130: =O130*12/(پارامترها!$B$5/1000000)*100 -> 72.981969 | R130: =IF(P130<=30,"قابل استطاعت",IF(P130<=50,"زیر فشار","فشار شدید")) -> فشار شدید | S130: =(1-NORMSDIST((LN(O130*12*1000000/پارامترها!$B$8)-پارامترها!$B$15)/پارامترها!$B$14))*100 -> 8.530999 | T130: =(1-NORMSDIST((LN(I130*1000000/5)-پارامترها!$B$15)/پارامترها!$B$14))*100 -> 3.5042848 | U130: =MIN(100,پارامترها!$B$9/1000000/I130*100) -> 10.607266 | V130: =MAX(0,I130-پارامترها!$B$9/1000000) -> 16855 | W130: =V130/(G130*پارامترها!$B$7) -> 63.886679 | X130: =پارامترها!$B$12/1000000/(G130/12)*100 -> 54.956896 | Y130: =ROUND(50*MIN(1,3/K130)+50*MIN(1,30/P130),1) -> 25.6 | Z130: =RANK(Y130,$Y$2:$Y$350,0) -> 322 | AA130: 90 | AB130: 73 | AC130: آگهی اجاره دیوار | AD130: دستی (نام مرکب/معادل) | AE130: دبستان | AF130: A
A131: 130 | B131: 7 | C131: کاج | D131: 17392 | E131: =ROUND(D131/INDEX(مناطق!$D$2:$D$23,B131),0) -> 6460 | F131: 0.8725 | G131: =پارامترها!$B$5*F131/1000000 -> 849.24788 | H131: 243 | I131: =H131*پارامترها!$B$6 -> 18225 | J131: 71 | K131: =I131/G131 -> 21.460166 | L131: =I131/(پارامترها!$B$5/1000000) -> 18.723994 | M131: =K131/پارامترها!$B$7 -> 71.533885 | N131: 28.23 | O131: =N131*پارامترها!$B$6*پارامترها!$B$16 -> 63.5175 | P131: =O131*12/G131*100 -> 89.751181 | Q131: =O131*12/(پارامترها!$B$5/1000000)*100 -> 78.307906 | R131: =IF(P131<=30,"قابل استطاعت",IF(P131<=50,"زیر فشار","فشار شدید")) -> فشار شدید | S131: =(1-NORMSDIST((LN(O131*12*1000000/پارامترها!$B$8)-پارامترها!$B$15)/پارامترها!$B$14))*100 -> 7.5360659 | T131: =(1-NORMSDIST((LN(I131*1000000/5)-پارامترها!$B$15)/پارامترها!$B$14))*100 -> 3.7608445 | U131: =MIN(100,پارامترها!$B$9/1000000/I131*100) -> 10.973937 | V131: =MAX(0,I131-پارامترها!$B$9/1000000) -> 16225 | W131: =V131/(G131*پارامترها!$B$7) -> 63.683802 | X131: =پارامترها!$B$12/1000000/(G131/12)*100 -> 56.909519 | Y131: =ROUND(50*MIN(1,3/K131)+50*MIN(1,30/P131),1) -> 23.7 | Z131: =RANK(Y131,$Y$2:$Y$350,0) -> 347 | AA131: 89 | AB131: 83 | AC131: آگهی اجاره دیوار | AD131: دقیق | AE131: کاج | AF131: A
A132: 131 | B132: 7 | C132: شاهد | D132: 42153 | E132: =ROUND(D132/INDEX(مناطق!$D$2:$D$23,B132),0) -> 15656 | F132: 0.869 | G132: =پارامترها!$B$5*F132/1000000 -> 845.84115 | H132: 242.1 | I132: =H132*پارامترها!$B$6 -> 18157.5 | K132: =I132/G132 -> 21.466797 | L132: =I132/(پارامترها!$B$5/1000000) -> 18.654646 | M132: =K132/پارامترها!$B$7 -> 71.555989 | N132: 23.83 | O132: =N132*پارامترها!$B$6*پارامترها!$B$16 -> 53.6175 | P132: =O132*12/G132*100 -> 76.067474 | Q132: =O132*12/(پارامترها!$B$5/1000000)*100 -> 66.102635 | R132: =IF(P132<=30,"قابل استطاعت",IF(P132<=50,"زیر فشار","فشار شدید")) -> فشار شدید | S132: =(1-NORMSDIST((LN(O132*12*1000000/پارامترها!$B$8)-پارامترها!$B$15)/پارامترها!$B$14))*100 -> 10.091446 | T132: =(1-NORMSDIST((LN(I132*1000000/5)-پارامترها!$B$15)/پارامترها!$B$14))*100 -> 3.7897631 | U132: =MIN(100,پارامترها!$B$9/1000000/I132*100) -> 11.014732 | V132: =MAX(0,I132-پارامترها!$B$9/1000000) -> 16157.5 | W132: =V132/(G132*پارامترها!$B$7) -> 63.674288 | X132: =پارامترها!$B$12/1000000/(G132/12)*100 -> 57.138729 | Y132: =ROUND(50*MIN(1,3/K132)+50*MIN(1,30/P132),1) -> 26.7 | Z132: =RANK(Y132,$Y$2:$Y$350,0) -> 295 | AA132: 0 | AB132: 0 | AC132: برآورد از قیمت فروش | AD132: بدون داده (میانگین منطقه) | AE132: — | AF132: D
A133: 132 | B133: 7 | C133: خواجه نصیر - حقوقی | D133: 16890 | E133: =ROUND(D133/INDEX(مناطق!$D$2:$D$23,B133),0) -> 6273 | F133: 0.7406 | G133: =پارامترها!$B$5*F133/1000000 -> 720.86301 | H133: 207.4 | I133: =H133*پارامترها!$B$6 -> 15555 | J133: 75 | K133: =I133/G133 -> 21.578302 | L133: =I133/(پارامترها!$B$5/1000000) -> 15.980891 | M133: =K133/پارامترها!$B$7 -> 71.927675 | N133: 19.53 | O133: =N133*پارامترها!$B$6*پارامترها!$B$16 -> 43.9425 | P133: =O133*12/G133*100 -> 73.149821 | Q133: =O133*12/(پارامترها!$B$5/1000000)*100 -> 54.174757 | R133: =IF(P133<=30,"قابل استطاعت",IF(P133<=50,"زیر فشار","فشار شدید")) -> فشار شدید | S133: =(1-NORMSDIST((LN(O133*12*1000000/پارامترها!$B$8)-پارامترها!$B$15)/پارامترها!$B$14))*100 -> 13.836133 | T133: =(1-NORMSDIST((LN(I133*1000000/5)-پارامترها!$B$15)/پارامترها!$B$14))*100 -> 5.1660335 | U133: =MIN(100,پارامترها!$B$9/1000000/I133*100) -> 12.857602 | V133: =MAX(0,I133-پارامترها!$B$9/1000000) -> 13555 | W133: =V133/(G133*پارامترها!$B$7) -> 62.6795 | X133: =پارامترها!$B$12/1000000/(G133/12)*100 -> 67.045039 | Y133: =ROUND(50*MIN(1,3/K133)+50*MIN(1,30/P133),1) -> 27.5 | Z133: =RANK(Y133,$Y$2:$Y$350,0) -> 273 | AA133: 88 | AB133: 70 | AC133: آگهی اجاره دیوار | AD133: دستی (نام مرکب/معادل) | AE133: خواجه نصیر طوسی | AF133: A
A134: 133 | B134: 7 | C134: قصر - حشمتیه | D134: 14767 | E134: =ROUND(D134/INDEX(مناطق!$D$2:$D$23,B134),0) -> 5485 | F134: 0.7346 | G134: =پارامترها!$B$5*F134/1000000 -> 715.02291 | H134: 205.8 | I134: =H134*پارامترها!$B$6 -> 15435 | J134: 65 | K134: =I134/G134 -> 21.586721 | L134: =I134/(پارامترها!$B$5/1000000) -> 15.857605 | M134: =K134/پارامترها!$B$7 -> 71.955736 | N134: 22.47 | O134: =N134*پارامترها!$B$6*پارامترها!$B$16 -> 50.5575 | P134: =O134*12/G134*100 -> 84.84903 | Q134: =O134*12/(پارامترها!$B$5/1000000)*100 -> 62.330097 | R134: =IF(P134<=30,"قابل استطاعت",IF(P134<=50,"زیر فشار","فشار شدید")) -> فشار شدید | S134: =(1-NORMSDIST((LN(O134*12*1000000/پارامترها!$B$8)-پارامترها!$B$15)/پارامترها!$B$14))*100 -> 11.11094 | T134: =(1-NORMSDIST((LN(I134*1000000/5)-پارامترها!$B$15)/پارامترها!$B$14))*100 -> 5.2442148 | U134: =MIN(100,پارامترها!$B$9/1000000/I134*100) -> 12.957564 | V134: =MAX(0,I134-پارامترها!$B$9/1000000) -> 13435 | W134: =V134/(G134*پارامترها!$B$7) -> 62.632026 | X134: =پارامترها!$B$12/1000000/(G134/12)*100 -> 67.592643 | Y134: =ROUND(50*MIN(1,3/K134)+50*MIN(1,30/P134),1) -> 24.6 | Z134: =RANK(Y134,$Y$2:$Y$350,0) -> 340 | AA134: 88 | AB134: 81 | AC134: آگهی اجاره دیوار | AD134: دستی (نام مرکب/معادل) | AE134: حشمتیه | AF134: A
A135: 134 | B135: 7 | C135: دهقان - گرگان | D135: 21390 | E135: =ROUND(D135/INDEX(مناطق!$D$2:$D$23,B135),0) -> 7944 | F135: 0.6915 | G135: =پارامترها!$B$5*F135/1000000 -> 673.07153 | H135: 194.1 | I135: =H135*پارامترها!$B$6 -> 14557.5 | J135: 65 | K135: =I135/G135 -> 21.628459 | L135: =I135/(پارامترها!$B$5/1000000) -> 14.95608 | M135: =K135/پارامترها!$B$7 -> 72.094864 | N135: 20.79 | O135: =N135*پارامترها!$B$6*پارامترها!$B$16 -> 46.7775 | P135: =O135*12/G135*100 -> 83.398269 | Q135: =O135*12/(پارامترها!$B$5/1000000)*100 -> 57.669903 | R135: =IF(P135<=30,"قابل استطاعت",IF(P135<=50,"زیر فشار","فشار شدید")) -> فشار شدید | S135: =(1-NORMSDIST((LN(O135*12*1000000/پارامترها!$B$8)-پارامترها!$B$15)/پارامترها!$B$14))*100 -> 12.569478 | T135: =(1-NORMSDIST((LN(I135*1000000/5)-پارامترها!$B$15)/پارامترها!$B$14))*100 -> 5.8658625 | U135: =MIN(100,پارامترها!$B$9/1000000/I135*100) -> 13.738623 | V135: =MAX(0,I135-پارامترها!$B$9/1000000) -> 12557.5 | W135: =V135/(G135*پارامترها!$B$7) -> 62.190023 | X135: =پارامترها!$B$12/1000000/(G135/12)*100 -> 71.805576 | Y135: =ROUND(50*MIN(1,3/K135)+50*MIN(1,30/P135),1) -> 24.9 | Z135: =RANK(Y135,$Y$2:$Y$350,0) -> 338 | AA135: 165 | AB135: 176 | AC135: آگهی اجاره دیوار | AD135: دستی (نام مرکب/معادل) | AE135: دهقان، گرگان | AF135: A
A136: 135 | B136: 7 | C136: ارامنه | D136: 31341 | E136: =ROUND(D136/INDEX(مناطق!$D$2:$D$23,B136),0) -> 11640 | F136: 0.6489 | G136: =پارامترها!$B$5*F136/1000000 -> 631.60682 | H136: 182.6 | I136: =H136*پارامترها!$B$6 -> 13695 | J136: 56 | K136: =I136/G136 -> 21.682793 | L136: =I136/(پارامترها!$B$5/1000000) -> 14.069965 | M136: =K136/پارامترها!$B$7 -> 72.275978 | N136: 19.32 | O136: =N136*پارامترها!$B$6*پارامترها!$B$16 -> 43.47 | P136: =O136*12/G136*100 -> 82.589356 | Q136: =O136*12/(پارامترها!$B$5/1000000)*100 -> 53.592233 | R136: =IF(P136<=30,"قابل استطاعت",IF(P136<=50,"زیر فشار","فشار شدید")) -> فشار شدید | S136: =(1-NORMSDIST((LN(O136*12*1000000/پارامترها!$B$8)-پارامترها!$B$15)/پارامترها!$B$14))*100 -> 14.063689 | T136: =(1-NORMSDIST((LN(I136*1000000/5)-پارامترها!$B$15)/پارامترها!$B$14))*100 -> 6.5747319 | U136: =MIN(100,پارامترها!$B$9/1000000/I136*100) -> 14.60387 | V136: =MAX(0,I136-پارامترها!$B$9/1000000) -> 11695 | W136: =V136/(G136*پارامترها!$B$7) -> 61.720888 | X136: =پارامترها!$B$12/1000000/(G136/12)*100 -> 76.51958 | Y136: =ROUND(50*MIN(1,3/K136)+50*MIN(1,30/P136),1) -> 25.1 | Z136: =RANK(Y136,$Y$2:$Y$350,0) -> 331 | AA136: 82 | AB136: 88 | AC136: آگهی اجاره دیوار | AD136: دقیق | AE136: ارامنه | AF136: A
A137: 136 | B137: 7 | C137: نظام آباد | D137: 12264 | E137: =ROUND(D137/INDEX(مناطق!$D$2:$D$23,B137),0) -> 4555 | F137: 0.6442 | G137: =پارامترها!$B$5*F137/1000000 -> 627.03207 | H137: 181.3 | I137: =H137*پارامترها!$B$6 -> 13597.5 | J137: 67.5 | K137: =I137/G137 -> 21.685494 | L137: =I137/(پارامترها!$B$5/1000000) -> 13.969795 | M137: =K137/پارامترها!$B$7 -> 72.284979 | N137: 18.42 | O137: =N137*پارامترها!$B$6*پارامترها!$B$16 -> 41.445 | P137: =O137*12/G137*100 -> 79.316517 | Q137: =O137*12/(پارامترها!$B$5/1000000)*100 -> 51.0957 | R137: =IF(P137<=30,"قابل استطاعت",IF(P137<=50,"زیر فشار","فشار شدید")) -> فشار شدید | S137: =(1-NORMSDIST((LN(O137*12*1000000/پارامترها!$B$8)-پارامترها!$B$15)/پارامترها!$B$14))*100 -> 15.098012 | T137: =(1-NORMSDIST((LN(I137*1000000/5)-پارامترها!$B$15)/پارامترها!$B$14))*100 -> 6.6618225 | U137: =MIN(100,پارامترها!$B$9/1000000/I137*100) -> 14.708586 | V137: =MAX(0,I137-پارامترها!$B$9/1000000) -> 11597.5 | W137: =V137/(G137*پارامترها!$B$7) -> 61.652881 | X137: =پارامترها!$B$12/1000000/(G137/12)*100 -> 77.077857 | Y137: =ROUND(50*MIN(1,3/K137)+50*MIN(1,30/P137),1) -> 25.8 | Z137: =RANK(Y137,$Y$2:$Y$350,0) -> 312 | AA137: 86 | AB137: 62 | AC137: آگهی اجاره دیوار | AD137: دقیق | AE137: نظام‌آباد | AF137: A
A138: 137 | B138: 7 | C138: خواجه نظام الملک | D138: 34031 | E138: =ROUND(D138/INDEX(مناطق!$D$2:$D$23,B138),0) -> 12639 | F138: 0.6358 | G138: =پارامترها!$B$5*F138/1000000 -> 618.85593 | H138: 179 | I138: =H138*پارامترها!$B$6 -> 13425 | J138: 55 | K138: =I138/G138 -> 21.693256 | L138: =I138/(پارامترها!$B$5/1000000) -> 13.792572 | M138: =K138/پارامترها!$B$7 -> 72.310853 | N138: 19.05 | O138: =N138*پارامترها!$B$6*پارامترها!$B$16 -> 42.8625 | P138: =O138*12/G138*100 -> 83.113044 | Q138: =O138*12/(پارامترها!$B$5/1000000)*100 -> 52.843273 | R138: =IF(P138<=30,"قابل استطاعت",IF(P138<=50,"زیر فشار","فشار شدید")) -> فشار شدید | S138: =(1-NORMSDIST((LN(O138*12*1000000/پارامترها!$B$8)-پارامترها!$B$15)/پارامترها!$B$14))*100 -> 14.363709 | T138: =(1-NORMSDIST((LN(I138*1000000/5)-پارامترها!$B$15)/پارامترها!$B$14))*100 -> 6.8196668 | U138: =MIN(100,پارامترها!$B$9/1000000/I138*100) -> 14.897579 | V138: =MAX(0,I138-پارامترها!$B$9/1000000) -> 11425 | W138: =V138/(G138*پارامترها!$B$7) -> 61.538286 | X138: =پارامترها!$B$12/1000000/(G138/12)*100 -> 78.096187 | Y138: =ROUND(50*MIN(1,3/K138)+50*MIN(1,30/P138),1) -> 25 | Z138: =RANK(Y138,$Y$2:$Y$350,0) -> 334 | AA138: 90 | AB138: 85 | AC138: آگهی اجاره دیوار | AD138: دقیق | AE138: خواجه نظام الملک | AF138: A
A139: 138 | B139: 8 | C139: هفت حوض | D139: 32960 | E139: =ROUND(D139/INDEX(مناطق!$D$2:$D$23,B139),0) -> 11518 | F139: 1.1594 | G139: =پارامترها!$B$5*F139/1000000 -> 1128.502 | H139: 301.6 | I139: =H139*پارامترها!$B$6 -> 22620 | J139: 84 | K139: =I139/G139 -> 20.044271 | L139: =I139/(پارامترها!$B$5/1000000) -> 23.239328 | M139: =K139/پارامترها!$B$7 -> 66.814238 | N139: 25.2 | O139: =N139*پارامترها!$B$6*پارامترها!$B$16 -> 56.7 | P139: =O139*12/G139*100 -> 60.292317 | Q139: =O139*12/(پارامترها!$B$5/1000000)*100 -> 69.902913 | R139: =IF(P139<=30,"قابل استطاعت",IF(P139<=50,"زیر فشار","فشار شدید")) -> فشار شدید | S139: =(1-NORMSDIST((LN(O139*12*1000000/پارامترها!$B$8)-پارامترها!$B$15)/پارامترها!$B$14))*100 -> 9.1866177 | T139: =(1-NORMSDIST((LN(I139*1000000/5)-پارامترها!$B$15)/پارامترها!$B$14))*100 -> 2.3630878 | U139: =MIN(100,پارامترها!$B$9/1000000/I139*100) -> 8.841733 | V139: =MAX(0,I139-پارامترها!$B$9/1000000) -> 20620 | W139: =V139/(G139*پارامترها!$B$7) -> 60.906701 | X139: =پارامترها!$B$12/1000000/(G139/12)*100 -> 42.826941 | Y139: =ROUND(50*MIN(1,3/K139)+50*MIN(1,30/P139),1) -> 32.4 | Z139: =RANK(Y139,$Y$2:$Y$350,0) -> 47 | AA139: 92 | AB139: 90 | AC139: آگهی اجاره دیوار | AD139: دقیق | AE139: هفت حوض | AF139: A
...

Sheet مناطق
A1: منطقه | B1: جمعیت ۱۳۹۵ (سرشماری) | C1: خانوار ۱۳۹۵ (سرشماری) | D1: بُعد خانوار | E1: نسبت درآمد سرانه منطقه به شهر (مدل) | F1: نسبت هزینه سرانه به شهر در ۱۳۸۷ (طرح هزینه و درآمد) | G1: خانوارهای برآوردی محلات | H1: میانگین وزنی قیمت هر متر (میلیون تومان) | I1: میانگین وزنی درآمد خانوار (میلیون تومان) | J1: میانگین وزنی PIR ساکنان | K1: میانگین وزنی سهم اجاره از درآمد ساکنان ٪ | L1: میانگین وزنی PIR خانوار متوسط تهران | M1: کمترین قیمت هر متر محله | N1: بیشترین قیمت هر متر محله | O1: پوشش داده قیمت (محلات دارای آگهی/کل)
A2: 1 | B2: 493889 | C2: 169259 | D2: =B2/C2 -> 2.9179482 | E2: 2.279 | F2: ≈ ۲ (دو برابر) | G2: =SUMIF(محلات!$B$2:$B$350,A2,محلات!$E$2:$E$350) -> 166578 | H2: =SUMPRODUCT((محلات!$B$2:$B$350=A2)*محلات!$E$2:$E$350*محلات!$H$2:$H$350)/G2 -> 555.38452 | I2: =SUMPRODUCT((محلات!$B$2:$B$350=A2)*محلات!$E$2:$E$350*محلات!$G$2:$G$350)/G2 -> 2167.7985 | J2: =SUMPRODUCT((محلات!$B$2:$B$350=A2)*محلات!$E$2:$E$350*محلات!$K$2:$K$350)/G2 -> 19.266343 | K2: =SUMPRODUCT((محلات!$B$2:$B$350=A2)*محلات!$E$2:$E$350*محلات!$P$2:$P$350)/G2 -> 59.795863 | L2: =SUMPRODUCT((محلات!$B$2:$B$350=A2)*محلات!$E$2:$E$350*محلات!$L$2:$L$350)/G2 -> 42.794308 | M2: =_xlfn.MINIFS(محلات!$H$2:$H$350,محلات!$B$2:$B$350,A2) -> 291.7 | N2: =_xlfn.MAXIFS(محلات!$H$2:$H$350,محلات!$B$2:$B$350,A2) -> 841.6 | O2: =COUNTIFS(محلات!$B$2:$B$350,A2,محلات!$AA$2:$AA$350,">0")/COUNTIF(محلات!$B$2:$B$350,A2)*100 -> 92.592593
A3: 2 | B3: 692579 | C3: 236992 | D3: =B3/C3 -> 2.9223729 | E3: 1.709 | F3: — | G3: =SUMIF(محلات!$B$2:$B$350,A3,محلات!$E$2:$E$350) -> 236723 | H3: =SUMPRODUCT((محلات!$B$2:$B$350=A3)*محلات!$E$2:$E$350*محلات!$H$2:$H$350)/G3 -> 420.62842 | I3: =SUMPRODUCT((محلات!$B$2:$B$350=A3)*محلات!$E$2:$E$350*محلات!$G$2:$G$350)/G3 -> 1628.2299 | J3: =SUMPRODUCT((محلات!$B$2:$B$350=A3)*محلات!$E$2:$E$350*محلات!$K$2:$K$350)/G3 -> 19.422878 | K3: =SUMPRODUCT((محلات!$B$2:$B$350=A3)*محلات!$E$2:$E$350*محلات!$P$2:$P$350)/G3 -> 60.712903 | L3: =SUMPRODUCT((محلات!$B$2:$B$350=A3)*محلات!$E$2:$E$350*محلات!$L$2:$L$350)/G3 -> 32.410882 | M3: =_xlfn.MINIFS(محلات!$H$2:$H$350,محلات!$B$2:$B$350,A3) -> 246.8 | N3: =_xlfn.MAXIFS(محلات!$H$2:$H$350,محلات!$B$2:$B$350,A3) -> 647.7 | O3: =COUNTIFS(محلات!$B$2:$B$350,A3,محلات!$AA$2:$AA$350,">0")/COUNTIF(محلات!$B$2:$B$350,A3)*100 -> 85.714286
A4: 3 | B4: 330004 | C4: 118801 | D4: =B4/C4 -> 2.7777881 | E4: 1.892 | F4: ≈ ۲ (دو برابر) | G4: =SUMIF(محلات!$B$2:$B$350,A4,محلات!$E$2:$E$350) -> 118801 | H4: =SUMPRODUCT((محلات!$B$2:$B$350=A4)*محلات!$E$2:$E$350*محلات!$H$2:$H$350)/G4 -> 464.58156 | I4: =SUMPRODUCT((محلات!$B$2:$B$350=A4)*محلات!$E$2:$E$350*محلات!$G$2:$G$350)/G4 -> 1714.0322 | J4: =SUMPRODUCT((محلات!$B$2:$B$350=A4)*محلات!$E$2:$E$350*محلات!$K$2:$K$350)/G4 -> 20.345809 | K4: =SUMPRODUCT((محلات!$B$2:$B$350=A4)*محلات!$E$2:$E$350*محلات!$P$2:$P$350)/G4 -> 64.472281 | L4: =SUMPRODUCT((محلات!$B$2:$B$350=A4)*محلات!$E$2:$E$350*محلات!$L$2:$L$350)/G4 -> 35.797624 | M4: =_xlfn.MINIFS(محلات!$H$2:$H$350,محلات!$B$2:$B$350,A4) -> 360.9 | N4: =_xlfn.MAXIFS(محلات!$H$2:$H$350,محلات!$B$2:$B$350,A4) -> 665.6 | O4: =COUNTIFS(محلات!$B$2:$B$350,A4,محلات!$AA$2:$AA$350,">0")/COUNTIF(محلات!$B$2:$B$350,A4)*100 -> 83.333333
A5: 4 | B5: 917261 | C5: 303730 | D5: =B5/C5 -> 3.0199881 | E5: 1.029 | F5: — | G5: =SUMIF(محلات!$B$2:$B$350,A5,محلات!$E$2:$E$350) -> 300198 | H5: =SUMPRODUCT((محلات!$B$2:$B$350=A5)*محلات!$E$2:$E$350*محلات!$H$2:$H$350)/G5 -> 257.55534 | I5: =SUMPRODUCT((محلات!$B$2:$B$350=A5)*محلات!$E$2:$E$350*محلات!$G$2:$G$350)/G5 -> 1013.0324 | J5: =SUMPRODUCT((محلات!$B$2:$B$350=A5)*محلات!$E$2:$E$350*محلات!$K$2:$K$350)/G5 -> 19.126442 | K5: =SUMPRODUCT((محلات!$B$2:$B$350=A5)*محلات!$E$2:$E$350*محلات!$P$2:$P$350)/G5 -> 65.062628 | L5: =SUMPRODUCT((محلات!$B$2:$B$350=A5)*محلات!$E$2:$E$350*محلات!$L$2:$L$350)/G5 -> 19.845534 | M5: =_xlfn.MINIFS(محلات!$H$2:$H$350,محلات!$B$2:$B$350,A5) -> 98.6 | N5: =_xlfn.MAXIFS(محلات!$H$2:$H$350,محلات!$B$2:$B$350,A5) -> 538.1 | O5: =COUNTIFS(محلات!$B$2:$B$350,A5,محلات!$AA$2:$AA$350,">0")/COUNTIF(محلات!$B$2:$B$350,A5)*100 -> 80
A6: 5 | B6: 856565 | C6: 291665 | D6: =B6/C6 -> 2.9368111 | E6: 1.265 | F6: — | G6: =SUMIF(محلات!$B$2:$B$350,A6,محلات!$E$2:$E$350) -> 290524 | H6: =SUMPRODUCT((محلات!$B$2:$B$350=A6)*محلات!$E$2:$E$350*محلات!$H$2:$H$350)/G6 -> 314.7958 | I6: =SUMPRODUCT((محلات!$B$2:$B$350=A6)*محلات!$E$2:$E$350*محلات!$G$2:$G$350)/G6 -> 1211.1282 | J6: =SUMPRODUCT((محلات!$B$2:$B$350=A6)*محلات!$E$2:$E$350*محلات!$K$2:$K$350)/G6 -> 19.505805 | K6: =SUMPRODUCT((محلات!$B$2:$B$350=A6)*محلات!$E$2:$E$350*محلات!$P$2:$P$350)/G6 -> 65.236618 | L6: =SUMPRODUCT((محلات!$B$2:$B$350=A6)*محلات!$E$2:$E$350*محلات!$L$2:$L$350)/G6 -> 24.25611 | M6: =_xlfn.MINIFS(محلات!$H$2:$H$350,محلات!$B$2:$B$350,A6) -> 188 | N6: =_xlfn.MAXIFS(محلات!$H$2:$H$350,محلات!$B$2:$B$350,A6) -> 380.3 | O6: =COUNTIFS(محلات!$B$2:$B$350,A6,محلات!$AA$2:$AA$350,">0")/COUNTIF(محلات!$B$2:$B$350,A6)*100 -> 100
A7: 6 | B7: 250753 | C7: 84896 | D7: =B7/C7 -> 2.9536492 | E7: 1.435 | F7: — | G7: =SUMIF(محلات!$B$2:$B$350,A7,محلات!$E$2:$E$350) -> 84897 | H7: =SUMPRODUCT((محلات!$B$2:$B$350=A7)*محلات!$E$2:$E$350*محلات!$H$2:$H$350)/G7 -> 355.40255 | I7: =SUMPRODUCT((محلات!$B$2:$B$350=A7)*محلات!$E$2:$E$350*محلات!$G$2:$G$350)/G7 -> 1381.9404 | J7: =SUMPRODUCT((محلات!$B$2:$B$350=A7)*محلات!$E$2:$E$350*محلات!$K$2:$K$350)/G7 -> 19.327384 | K7: =SUMPRODUCT((محلات!$B$2:$B$350=A7)*محلات!$E$2:$E$350*محلات!$P$2:$P$350)/G7 -> 61.493448 | L7: =SUMPRODUCT((محلات!$B$2:$B$350=A7)*محلات!$E$2:$E$350*محلات!$L$2:$L$350)/G7 -> 27.385002 | M7: =_xlfn.MINIFS(محلات!$H$2:$H$350,محلات!$B$2:$B$350,A7) -> 203.4 | N7: =_xlfn.MAXIFS(محلات!$H$2:$H$350,محلات!$B$2:$B$350,A7) -> 449.7 | O7: =COUNTIFS(محلات!$B$2:$B$350,A7,محلات!$AA$2:$AA$350,">0")/COUNTIF(محلات!$B$2:$B$350,A7)*100 -> 85.714286
A8: 7 | B8: 312002 | C8: 115880 | D8: =B8/C8 -> 2.6924577 | E8: 1.001 | F8: — | G8: =SUMIF(محلات!$B$2:$B$350,A8,محلات!$E$2:$E$350) -> 115879 | H8: =SUMPRODUCT((محلات!$B$2:$B$350=A8)*محلات!$E$2:$E$350*محلات!$H$2:$H$350)/G8 -> 250.75538 | I8: =SUMPRODUCT((محلات!$B$2:$B$350=A8)*محلات!$E$2:$E$350*محلات!$G$2:$G$350)/G8 -> 878.34561 | J8: =SUMPRODUCT((محلات!$B$2:$B$350=A8)*محلات!$E$2:$E$350*محلات!$K$2:$K$350)/G8 -> 21.467823 | K8: =SUMPRODUCT((محلات!$B$2:$B$350=A8)*محلات!$E$2:$E$350*محلات!$P$2:$P$350)/G8 -> 78.159503 | L8: =SUMPRODUCT((محلات!$B$2:$B$350=A8)*محلات!$E$2:$E$350*محلات!$L$2:$L$350)/G8 -> 19.321574 | M8: =_xlfn.MINIFS(محلات!$H$2:$H$350,محلات!$B$2:$B$350,A8) -> 179 | N8: =_xlfn.MAXIFS(محلات!$H$2:$H$350,محلات!$B$2:$B$350,A8) -> 417.2 | O8: =COUNTIFS(محلات!$B$2:$B$350,A8,محلات!$AA$2:$AA$350,">0")/COUNTIF(محلات!$B$2:$B$350,A8)*100 -> 92.857143
A9: 8 | B9: 425044 | C9: 148535 | D9: =B9/C9 -> 2.8615747 | E9: 0.943 | F9: — | G9: =SUMIF(محلات!$B$2:$B$350,A9,محلات!$E$2:$E$350) -> 148535 | H9: =SUMPRODUCT((محلات!$B$2:$B$350=A9)*محلات!$E$2:$E$350*محلات!$H$2:$H$350)/G9 -> 237.06819 | I9: =SUMPRODUCT((محلات!$B$2:$B$350=A9)*محلات!$E$2:$E$350*محلات!$G$2:$G$350)/G9 -> 880.0068 | J9: =SUMPRODUCT((محلات!$B$2:$B$350=A9)*محلات!$E$2:$E$350*محلات!$K$2:$K$350)/G9 -> 20.224375 | K9: =SUMPRODUCT((محلات!$B$2:$B$350=A9)*محلات!$E$2:$E$350*محلات!$P$2:$P$350)/G9 -> 68.850348 | L9: =SUMPRODUCT((محلات!$B$2:$B$350=A9)*محلات!$E$2:$E$350*محلات!$L$2:$L$350)/G9 -> 18.266928 | M9: =_xlfn.MINIFS(محلات!$H$2:$H$350,محلات!$B$2:$B$350,A9) -> 176.4 | N9: =_xlfn.MAXIFS(محلات!$H$2:$H$350,محلات!$B$2:$B$350,A9) -> 301.6 | O9: =COUNTIFS(محلات!$B$2:$B$350,A9,محلات!$AA$2:$AA$350,">0")/COUNTIF(محلات!$B$2:$B$350,A9)*100 -> 100
A10: 9 | B10: 174115 | C10: 57648 | D10: =B10/C10 -> 3.0203129 | E10: 0.646 | F10: — | G10: =SUMIF(محلات!$B$2:$B$350,A10,محلات!$E$2:$E$350) -> 57649 | H10: =SUMPRODUCT((محلات!$B$2:$B$350=A10)*محلات!$E$2:$E$350*محلات!$H$2:$H$350)/G10 -> 164.56045 | I10: =SUMPRODUCT((محلات!$B$2:$B$350=A10)*محلات!$E$2:$E$350*محلات!$G$2:$G$350)/G10 -> 636.36472 | J10: =SUMPRODUCT((محلات!$B$2:$B$350=A10)*محلات!$E$2:$E$350*محلات!$K$2:$K$350)/G10 -> 19.400448 | K10: =SUMPRODUCT((محلات!$B$2:$B$350=A10)*محلات!$E$2:$E$350*محلات!$P$2:$P$350)/G10 -> 75.726558 | L10: =SUMPRODUCT((محلات!$B$2:$B$350=A10)*محلات!$E$2:$E$350*محلات!$L$2:$L$350)/G10 -> 12.679954 | M10: =_xlfn.MINIFS(محلات!$H$2:$H$350,محلات!$B$2:$B$350,A10) -> 145.4 | N10: =_xlfn.MAXIFS(محلات!$H$2:$H$350,محلات!$B$2:$B$350,A10) -> 188.7 | O10: =COUNTIFS(محلات!$B$2:$B$350,A10,محلات!$AA$2:$AA$350,">0")/COUNTIF(محلات!$B$2:$B$350,A10)*100 -> 66.666667
A11: 10 | B11: 326885 | C11: 117325 | D11: =B11/C11 -> 2.7861496 | E11: 0.602 | F11: — | G11: =SUMIF(محلات!$B$2:$B$350,A11,محلات!$E$2:$E$350) -> 117324 | H11: =SUMPRODUCT((محلات!$B$2:$B$350=A11)*محلات!$E$2:$E$350*محلات!$H$2:$H$350)/G11 -> 153.75306 | I11: =SUMPRODUCT((محلات!$B$2:$B$350=A11)*محلات!$E$2:$E$350*محلات!$G$2:$G$350)/G11 -> 547.20009 | J11: =SUMPRODUCT((محلات!$B$2:$B$350=A11)*محلات!$E$2:$E$350*محلات!$K$2:$K$350)/G11 -> 21.076915 | K11: =SUMPRODUCT((محلات!$B$2:$B$350=A11)*محلات!$E$2:$E$350*محلات!$P$2:$P$350)/G11 -> 81.601486 | L11: =SUMPRODUCT((محلات!$B$2:$B$350=A11)*محلات!$E$2:$E$350*محلات!$L$2:$L$350)/G11 -> 11.847208 | M11: =_xlfn.MINIFS(محلات!$H$2:$H$350,محلات!$B$2:$B$350,A11) -> 135.7 | N11: =_xlfn.MAXIFS(محلات!$H$2:$H$350,محلات!$B$2:$B$350,A11) -> 170.3 | O11: =COUNTIFS(محلات!$B$2:$B$350,A11,محلات!$AA$2:$AA$350,">0")/COUNTIF(محلات!$B$2:$B$350,A11)*100 -> 80
A12: 11 | B12: 308176 | C12: 107759 | D12: =B12/C12 -> 2.8598632 | E12: 0.718 | F12: — | G12: =SUMIF(محلات!$B$2:$B$350,A12,محلات!$E$2:$E$350) -> 107513 | H12: =SUMPRODUCT((محلات!$B$2:$B$350=A12)*محلات!$E$2:$E$350*محلات!$H$2:$H$350)/G12 -> 182.09121 | I12: =SUMPRODUCT((محلات!$B$2:$B$350=A12)*محلات!$E$2:$E$350*محلات!$G$2:$G$350)/G12 -> 669.0969 | J12: =SUMPRODUCT((محلات!$B$2:$B$350=A12)*محلات!$E$2:$E$350*محلات!$K$2:$K$350)/G12 -> 20.418482 | K12: =SUMPRODUCT((محلات!$B$2:$B$350=A12)*محلات!$E$2:$E$350*محلات!$P$2:$P$350)/G12 -> 81.136534 | L12: =SUMPRODUCT((محلات!$B$2:$B$350=A12)*محلات!$E$2:$E$350*محلات!$L$2:$L$350)/G12 -> 14.030761 | M12: =_xlfn.MINIFS(محلات!$H$2:$H$350,محلات!$B$2:$B$350,A12) -> 147.9 | N12: =_xlfn.MAXIFS(محلات!$H$2:$H$350,محلات!$B$2:$B$350,A12) -> 219.9 | O12: =COUNTIFS(محلات!$B$2:$B$350,A12,محلات!$AA$2:$AA$350,">0")/COUNTIF(محلات!$B$2:$B$350,A12)*100 -> 70.588235
A13: 12 | B13: 240909 | C13: 79105 | D13: =B13/C13 -> 3.0454333 | E13: 0.685 | F13: — | G13: =SUMIF(محلات!$B$2:$B$350,A13,محلات!$E$2:$E$350) -> 79104 | H13: =SUMPRODUCT((محلات!$B$2:$B$350=A13)*محلات!$E$2:$E$350*محلات!$H$2:$H$350)/G13 -> 173.96343 | I13: =SUMPRODUCT((محلات!$B$2:$B$350=A13)*محلات!$E$2:$E$350*محلات!$G$2:$G$350)/G13 -> 680.16683 | J13: =SUMPRODUCT((محلات!$B$2:$B$350=A13)*محلات!$E$2:$E$350*محلات!$K$2:$K$350)/G13 -> 19.215527 | K13: =SUMPRODUCT((محلات!$B$2:$B$350=A13)*محلات!$E$2:$E$350*محلات!$P$2:$P$350)/G13 -> 72.796823 | L13: =SUMPRODUCT((محلات!$B$2:$B$350=A13)*محلات!$E$2:$E$350*محلات!$L$2:$L$350)/G13 -> 13.404486 | M13: =_xlfn.MINIFS(محلات!$H$2:$H$350,محلات!$B$2:$B$350,A13) -> 113.9 | N13: =_xlfn.MAXIFS(محلات!$H$2:$H$350,محلات!$B$2:$B$350,A13) -> 256.9 | O13: =COUNTIFS(محلات!$B$2:$B$350,A13,محلات!$AA$2:$AA$350,">0")/COUNTIF(محلات!$B$2:$B$350,A13)*100 -> 84.615385
... A23: 22 | B23: 175398 | C23: 54857 | D23: =B23/C23 -> 3.1973677 | E23: 0.88 | F23: — | G23: =SUMIF(محلات!$B$2:$B$350,A23,محلات!$E$2:$E$350) -> 54491 | H23: =SUMPRODUCT((محلات!$B$2:$B$350=A23)*محلات!$E$2:$E$350*محلات!$H$2:$H$350)/G23 -> 221.76484 | I23: =SUMPRODUCT((محلات!$B$2:$B$350=A23)*محلات!$E$2:$E$350*محلات!$G$2:$G$350)/G23 -> 917.41853 | J23: =SUMPRODUCT((محلات!$B$2:$B$350=A23)*محلات!$E$2:$E$350*محلات!$K$2:$K$350)/G23 -> 18.133103 | K23: =SUMPRODUCT((محلات!$B$2:$B$350=A23)*محلات!$E$2:$E$350*محلات!$P$2:$P$350)/G23 -> 66.244513 | L23: =SUMPRODUCT((محلات!$B$2:$B$350=A23)*محلات!$E$2:$E$350*محلات!$L$2:$L$350)/G23 -> 17.087751 | M23: =_xlfn.MINIFS(محلات!$H$2:$H$350,محلات!$B$2:$B$350,A23) -> 182.6 | N23: =_xlfn.MAXIFS(محلات!$H$2:$H$350,محلات!$B$2:$B$350,A23) -> 250 | O23: =COUNTIFS(محلات!$B$2:$B$350,A23,محلات!$AA$2:$AA$350,">0")/COUNTIF(محلات!$B$2:$B$350,A23)*100 -> 83.333333
A24: کل شهر | B24: =SUM(B2:B23) -> 8679936 | C24: =SUM(C2:C23) -> 2907239 | D24: =B24/C24 -> 2.9856286 | G24: =SUM(G2:G23) -> 2889992 | H24: =SUMPRODUCT(محلات!$E$2:$E$350,محلات!$H$2:$H$350)/G24 -> 252.72867 | I24: =SUMPRODUCT(محلات!$E$2:$E$350,محلات!$G$2:$G$350)/G24 -> 973.34757 | J24: =SUMPRODUCT(محلات!$E$2:$E$350,محلات!$K$2:$K$350)/G24 -> 19.457751 | K24: =SUMPRODUCT(محلات!$E$2:$E$350,محلات!$P$2:$P$350)/G24 -> 68.70226 | L24: =SUMPRODUCT(محلات!$E$2:$E$350,محلات!$L$2:$L$350)/G24 -> 19.473622

Sheet داده خام دیوار
A1: کد محله دیوار | B1: نام محله دیوار | C1: آگهی فروش معتبر | D1: قیمت میانه هر متر فروش (میلیون تومان) | E1: آگهی اجاره معتبر | F1: رهن کامل معادل میانه هر متر (میلیون تومان) | G1: اجاره ماهانه معادل هر متر (هزار تومان) | H1: نسبت قیمت به اجاره سالانه | I1: متراژ میانه فروش | J1: متراژ میانه اجاره
A2: 55 | B2: ولنجک | C2: 88 | D2: 844.4 | E2: 83 | F2: 66.67 | G2: =F2*1000*پارامترها!$B$16 -> 2000.1 | H2: =IF(AND(D2>0,F2>0),D2/(F2*پارامترها!$B$16*12),"") -> 35.181574 | I2: 190 | J2: 170
A3: 56 | B3: زعفرانیه | C3: 87 | D3: 831.2 | E3: 84 | F3: 71.43 | G3: =F3*1000*پارامترها!$B$16 -> 2142.9 | H3: =IF(AND(D3>0,F3>0),D3/(F3*پارامترها!$B$16*12),"") -> 32.323798 | I3: 200 | J3: 202.5
A4: 85 | B4: الهیه | C4: 87 | D4: 831.1 | E4: 88 | F4: 66.39 | G4: =F4*1000*پارامترها!$B$16 -> 1991.7 | H4: =IF(AND(D4>0,F4>0),D4/(F4*پارامترها!$B$16*12),"") -> 34.773477 | I4: 227.5 | J4: 240
A5: 62 | B5: کامرانیه | C5: 84 | D5: 753.4 | E5: 90 | F5: 65.83 | G5: =F5*1000*پارامترها!$B$16 -> 1974.9 | H5: =IF(AND(D5>0,F5>0),D5/(F5*پارامترها!$B$16*12),"") -> 31.790639 | I5: 220 | J5: 230.5
A6: 60 | B6: محمودیه | C6: 88 | D6: 704.4 | E6: 85 | F6: 80 | G6: =F6*1000*پارامترها!$B$16 -> 2400 | H6: =IF(AND(D6>0,F6>0),D6/(F6*پارامترها!$B$16*12),"") -> 24.458333 | I6: 179 | J6: 210
A7: 64 | B7: فرمانیه | C7: 88 | D7: 682.1 | E7: 88 | F7: 51.64 | G7: =F7*1000*پارامترها!$B$16 -> 1549.2 | H7: =IF(AND(D7>0,F7>0),D7/(F7*پارامترها!$B$16*12),"") -> 36.69098 | I7: 212.5 | J7: 170
A8: 71 | B8: دروس | C8: 92 | D8: 678.9 | E8: 92 | F8: 50 | G8: =F8*1000*پارامترها!$B$16 -> 1500 | H8: =IF(AND(D8>0,F8>0),D8/(F8*پارامترها!$B$16*12),"") -> 37.716667 | I8: 191 | J8: 185
A9: 42 | B9: نیاوران | C9: 90 | D9: 671.2 | E9: 88 | F9: 60 | G9: =F9*1000*پارامترها!$B$16 -> 1800 | H9: =IF(AND(D9>0,F9>0),D9/(F9*پارامترها!$B$16*12),"") -> 31.074074 | I9: 191 | J9: 190
A10: 75 | B10: سعادت‌آباد | C10: 88 | D10: 656.2 | E10: 88 | F10: 50 | G10: =F10*1000*پارامترها!$B$16 -> 1500 | H10: =IF(AND(D10>0,F10>0),D10/(F10*پارامترها!$B$16*12),"") -> 36.455556 | I10: 145 | J10: 130
A11: 942 | B11: حصار بوعلی | C11: 87 | D11: 653.3 | E11: 78 | F11: 54.42 | G11: =F11*1000*پارامترها!$B$16 -> 1632.6 | H11: =IF(AND(D11>0,F11>0),D11/(F11*پارامترها!$B$16*12),"") -> 33.346605 | I11: 210 | J11: 210
A12: 930 | B12: باغ فردوس | C12: 13 | D12: 650 | E12: 21 | F12: 50 | G12: =F12*1000*پارامترها!$B$16 -> 1500 | H12: =IF(AND(D12>0,F12>0),D12/(F12*پارامترها!$B$16*12),"") -> 36.111111 | I12: 189 | J12: 153
A13: 44 | B13: جماران (نیاوران) | C13: 91 | D13: 646.9 | E13: 89 | F13: 54.96 | G13: =F13*1000*پارامترها!$B$16 -> 1648.8 | H13: =IF(AND(D13>0,F13>0),D13/(F13*پارامترها!$B$16*12),"") -> 32.695496 | I13: 175 | J13: 210
... A165: 161 | B165: دهکده المپیک | C165: 48 | D165: 207.6 | E165: 31 | F165: 20.74 | G165: =F165*1000*پارامترها!$B$16 -> 622.2 | H165: =IF(AND(D165>0,F165>0),D165/(F165*پارامترها!$B$16*12),"") -> 27.804564 | I165: 114 | J165: 120
A166: 182 | B166: فرودگاه مهرآباد | C166: 2 | D166: 207.5 | E166: 0 | I166: 105
A167: 953 | B167: امامت | C167: 85 | D167: 207.1 | E167: 82 | F167: 21.17 | G167: =F167*1000*پارامترها!$B$16 -> 635.1 | H167: =IF(AND(D167>0,F167>0),D167/(F167*پارامترها!$B$16*12),"") -> 27.174198 | I167: 68 | J167: 80
A168: 130 | B168: حشمتیه | C168: 88 | D168: 203.9 | E168: 81 | F168: 23.77 | G168: =F168*1000*پارامترها!$B$16 -> 713.1 | H168: =IF(AND(D168>0,F168>0),D168/(F168*پارامترها!$B$16*12),"") -> 23.827888 | I168: 65 | J168: 80
A169: 907 | B169: آبشار تهران (دریاچه) | C169: 75 | D169: 201.3 | E169: 72 | F169: 21.55 | G169: =F169*1000*پارامترها!$B$16 -> 646.5 | H169: =IF(AND(D169>0,F169>0),D169/(F169*پارامترها!$B$16*12),"") -> 25.947409 | I169: 83 | J169: 108
A170: 273 | B170: آهنگ | C170: 85 | D170: 200 | E170: 75 | F170: 22.22 | G170: =F170*1000*پارامترها!$B$16 -> 666.6 | H170: =IF(AND(D170>0,F170>0),D170/(F170*پارامترها!$B$16*12),"") -> 25.0025 | I170: 79 | J170: 84
A171: 278 | B171: منیریه | C171: 91 | D171: 200 | E171: 77 | F171: 23.57 | G171: =F171*1000*پارامترها!$B$16 -> 707.1 | H171: =IF(AND(D171>0,F171>0),D171/(F171*پارامترها!$B$16*12),"") -> 23.570452 | I171: 70 | J171: 80
A172: 655 | B172: فلسطین (میدان انقلاب) | C172: 89 | D172: 200 | E172: 67 | F172: 22.62 | G172: =F172*1000*پارامترها!$B$16 -> 678.6 | H172: =IF(AND(D172>0,F172>0),D172/(F172*پارامترها!$B$16*12),"") -> 24.560369 | I172: 87 | J172: 80
A173: 1023 | B173: بروجردی | C173: 40 | D173: 200 | E173: 2 | F173: 14.35 | G173: =F173*1000*پارامترها!$B$16 -> 430.5 | H173: =IF(AND(D173>0,F173>0),D173/(F173*پارامترها!$B$16*12),"") -> 38.714673 | I173: 101.5 | J173: 51.5
A174: 164 | B174: شهرک آزادی | C174: 74 | D174: 198 | E174: 17 | F174: 18.46 | G174: =F174*1000*پارامترها!$B$16 -> 553.8 | H174: =IF(AND(D174>0,F174>0),D174/(F174*پارامترها!$B$16*12),"") -> 29.79415 | I174: 81.5 | J174: 80
A175: 654 | B175: آذربایجان | C175: 88 | D175: 198 | E175: 48 | F175: 21.11 | G175: =F175*1000*پارامترها!$B$16 -> 633.3 | H175: =IF(AND(D175>0,F175>0),D175/(F175*پارامترها!$B$16*12),"") -> 26.054003 | I175: 76 | J175: 80
A176: 286 | B176: خواجه نصیر طوسی | C176: 88 | D176: 197.4 | E176: 70 | F176: 20 | G176: =F176*1000*پارامترها!$B$16 -> 600 | H176: =IF(AND(D176>0,F176>0),D176/(F176*پارامترها!$B$16*12),"") -> 27.416667 | I176: 75 | J176: 70
A177: 289 | B177: صد دستگاه | C177: 77 | D177: 197.4 | E177: 72 | F177: 20 | G177: =F177*1000*پارامترها!$B$16 -> 600 | H177: =IF(AND(D177>0,F177>0),D177/(F177*پارامترها!$B$16*12),"") -> 27.416667 | I177: 68 | J177: 70
A178: 1030 | B178: شهرک شهید باقری | C178: 79 | D178: 195.4 | E178: 29 | F178: 20 | G178: =F178*1000*پارامترها!$B$16 -> 600 | H178: =IF(AND(D178>0,F178>0),D178/(F178*پارامترها!$B$16*12),"") -> 27.138889 | I178: 85 | J178: 98
... A226: 276 | B226: امیر بهادر | C226: 82 | D226: 160.5 | E226: 74 | F226: 19.41 | G226: =F226*1000*پارامترها!$B$16 -> 582.3 | H226: =IF(AND(D226>0,F226>0),D226/(F226*پارامترها!$B$16*12),"") -> 22.96926 | I226: 68 | J226: 70
A227: 946 | B227: بوستان سرخه حصار | C227: 9 | D227: 160 | E227: 0 | I227: 70
A228: 178 | B228: تهرانسر شرقی | C228: 86 | D228: 158.7 | E228: 86 | F228: 19.07 | G228: =F228*1000*پارامترها!$B$16 -> 572.1 | H228: =IF(AND(D228>0,F228>0),D228/(F228*پارامترها!$B$16*12),"") -> 23.116588 | I228: 80 | J228: 85
A229: 250 | B229: یاخجی آباد | C229: 67 | D229: 158.6 | E229: 51 | F229: 16.19 | G229: =F229*1000*پارامترها!$B$16 -> 485.7 | H229: =IF(AND(D229>0,F229>0),D229/(F229*پارامترها!$B$16*12),"") -> 27.211585 | I229: 71 | J229: 70
A230: 914 | B230: مهرآباد | C230: 80 | D230: 156.6 | E230: 54 | F230: 15.54 | G230: =F230*1000*پارامترها!$B$16 -> 466.2 | H230: =IF(AND(D230>0,F230>0),D230/(F230*پارامترها!$B$16*12),"") -> 27.992278 | I230: 75 | J230: 61.5
A231: 915 | B231: شمشیری | C231: 89 | D231: 154.6 | E231: 57 | F231: 16.42 | G231: =F231*1000*پارامترها!$B$16 -> 492.6 | H231: =IF(AND(D231>0,F231>0),D231/(F231*پارامترها!$B$16*12),"") -> 26.153742 | I231: 67 | J231: 64
A232: 971 | B232: جابری | C232: 82 | D232: 152.9 | E232: 28 | F232: 20 | G232: =F232*1000*پارامترها!$B$16 -> 600 | H232: =IF(AND(D232>0,F232>0),D232/(F232*پارامترها!$B$16*12),"") -> 21.236111 | I232: 58 | J232: 62.5
A233: 290 | B233: نیکنام | C233: 89 | D233: 151.8 | E233: 83 | F233: 16.04 | G233: =F233*1000*پارامترها!$B$16 -> 481.2 | H233: =IF(AND(D233>0,F233>0),D233/(F233*پارامترها!$B$16*12),"") -> 26.288446 | I233: 60 | J233: 58
A234: 99 | B234: حسن‌آباد | C234: 1 | D234: 150.5 | E234: 1 | F234: 15.9 | G234: =F234*1000*پارامترها!$B$16 -> 477 | H234: =IF(AND(D234>0,F234>0),D234/(F234*پارامترها!$B$16*12),"") -> 26.292802 | I234: 93 | J234: 65
A235: 1006 | B235: هفت چنار | C235: 92 | D235: 150 | E235: 94 | F235: 15.38 | G235: =F235*1000*پارامترها!$B$16 -> 461.4 | H235: =IF(AND(D235>0,F235>0),D235/(F235*پارامترها!$B$16*12),"") -> 27.091461 | I235: 52.5 | J235: 60
A236: 241 | B236: کیانشهر | C236: 72 | D236: 149.8 | E236: 66 | F236: 13.11 | G236: =F236*1000*پارامترها!$B$16 -> 393.3 | H236: =IF(AND(D236>0,F236>0),D236/(F236*پارامترها!$B$16*12),"") -> 31.739978 | I236: 65.5 | J236: 65
A237: 968 | B237: شیوا | C237: 85 | D237: 149.1 | E237: 74 | F237: 16.15 | G237: =F237*1000*پارامترها!$B$16 -> 484.5 | H237: =IF(AND(D237>0,F237>0),D237/(F237*پارامترها!$B$16*12),"") -> 25.644995 | I237: 60 | J237: 60
A238: 256 | B238: اسفندیاری | C238: 75 | D238: 148.9 | E238: 21 | F238: 16.06 | G238: =F238*1000*پارامترها!$B$16 -> 481.8 | H238: =IF(AND(D238>0,F238>0),D238/(F238*پارامترها!$B$16*12),"") -> 25.754117 | I238: 72 | J238: 70
A239: 975 | B239: مینای جنوبی | C239: 69 | D239: 148.6 | E239: 25 | F239: 20.83 | G239: =F239*1000*پارامترها!$B$16 -> 624.9 | H239: =IF(AND(D239>0,F239>0),D239/(F239*پارامترها!$B$16*12),"") -> 19.816504 | I239: 63 | J239: 75
... A269: 275 | B269: گمرک | C269: 76 | D269: 120 | E269: 8 | F269: 14.26 | G269: =F269*1000*پارامترها!$B$16 -> 427.8 | H269: =IF(AND(D269>0,F269>0),D269/(F269*پارامترها!$B$16*12),"") -> 23.375409 | I269: 67.5 | J269: 59.5
A270: 976 | B270: مسگرآباد | C270: 1 | D270: 119.3 | E270: 0 | I270: 75
A271: 1032 | B271: شهرک دانشگاه | C271: 38 | D271: 118.6 | E271: 6 | F271: 12.67 | G271: =F271*1000*پارامترها!$B$16 -> 380.1 | H271: =IF(AND(D271>0,F271>0),D271/(F271*پارامترها!$B$16*12),"") -> 26.001929 | I271: 80.5 | J271: 88
A272: 1013 | B272: جلیلی | C272: 84 | D272: 118.4 | E272: 29 | F272: 12.78 | G272: =F272*1000*پارامترها!$B$16 -> 383.4 | H272: =IF(AND(D272>0,F272>0),D272/(F272*پارامترها!$B$16*12),"") -> 25.734655 | I272: 63 | J272: 60
A273: 1010 | B273: مقدم | C273: 88 | D273: 117.9 | E273: 48 | F273: 13.33 | G273: =F273*1000*پارامترها!$B$16 -> 399.9 | H273: =IF(AND(D273>0,F273>0),D273/(F273*پارامترها!$B$16*12),"") -> 24.568642 | I273: 65 | J273: 65
A274: 265 | B274: جوادیه | C274: 77 | D274: 117.3 | E274: 58 | F274: 13 | G274: =F274*1000*پارامترها!$B$16 -> 390 | H274: =IF(AND(D274>0,F274>0),D274/(F274*پارامترها!$B$16*12),"") -> 25.064103 | I274: 58 | J274: 60
A275: 1008 | B275: یافت‌آباد | C275: 73 | D275: 116.4 | E275: 10 | F275: 14.84 | G275: =F275*1000*پارامترها!$B$16 -> 445.2 | H275: =IF(AND(D275>0,F275>0),D275/(F275*پارامترها!$B$16*12),"") -> 21.78796 | I275: 67 | J275: 56.5
A276: 279 | B276: سنگلج (شاپور) | C276: 67 | D276: 116 | E276: 26 | F276: 13.74 | G276: =F276*1000*پارامترها!$B$16 -> 412.2 | H276: =IF(AND(D276>0,F276>0),D276/(F276*پارامترها!$B$16*12),"") -> 23.451399 | I276: 61 | J276: 64
A277: 198 | B277: آذری | C277: 83 | D277: 115.4 | E277: 64 | F277: 13.9 | G277: =F277*1000*پارامترها!$B$16 -> 417 | H277: =IF(AND(D277>0,F277>0),D277/(F277*پارامترها!$B$16*12),"") -> 23.061551 | I277: 48 | J277: 60
A278: 260 | B278: شهرک شریفی | C278: 7 | D278: 115 | E278: 3 | F278: 11.11 | G278: =F278*1000*پارامترها!$B$16 -> 333.3 | H278: =IF(AND(D278>0,F278>0),D278/(F278*پارامترها!$B$16*12),"") -> 28.752875 | I278: 77 | J278: 90
A279: 1016 | B279: طیب | C279: 77 | D279: 115 | E279: 22 | F279: 13.92 | G279: =F279*1000*پارامترها!$B$16 -> 417.6 | H279: =IF(AND(D279>0,F279>0),D279/(F279*پارامترها!$B$16*12),"") -> 22.948595 | I279: 59 | J279: 54
A280: 1021 | B280: امام زاده حسن | C280: 89 | D280: 114.7 | E280: 23 | F280: 15.45 | G280: =F280*1000*پارامترها!$B$16 -> 463.5 | H280: =IF(AND(D280>0,F280>0),D280/(F280*پارامترها!$B$16*12),"") -> 20.622078 | I280: 63 | J280: 65
A281: 263 | B281: شهید رجایی | C281: 79 | D281: 114.6 | E281: 46 | F281: 12.4 | G281: =F281*1000*پارامترها!$B$16 -> 372 | H281: =IF(AND(D281>0,F281>0),D281/(F281*پارامترها!$B$16*12),"") -> 25.672043 | I281: 60 | J281: 71
A282: 220 | B282: عبدل‌آباد | C282: 21 | D282: 114.2 | E282: 12 | F282: 11.64 | G282: =F282*1000*پارامترها!$B$16 -> 349.2 | H282: =IF(AND(D282>0,F282>0),D282/(F282*پارامترها!$B$16*12),"") -> 27.252768 | I282: 80 | J282: 65.5
... A309: 259 | B309: شهرک ابوذر | C309: 46 | D309: 74.7 | E309: 17 | F309: 9.76 | G309: =F309*1000*پارامترها!$B$16 -> 292.8 | H309: =IF(AND(D309>0,F309>0),D309/(F309*پارامترها!$B$16*12),"") -> 21.260246 | I309: 85 | J309: 90
A310: 180 | B310: شهرک آسمان | C310: 0 | E310: 0
A311: 190 | B311: شهرک امام خمینی | C311: 0 | E311: 0
A312: 248 | B312: قصر فیروزه ۲ | C312: 0 | E312: 0

Sheet مدل و اعتبارسنجی
A1: روش، کالیبراسیون و اعتبارسنجی
A3: ۱) قیمت فروش: میانه قیمت درخواستی هر متر در آگهی‌های فروش آپارتمان دیوار (مهر ۱۴۰۵)، با حذف آگهی‌های تکراری/محله دیگر/پرت؛ متراژ از عنوان آگهی (دقت ۹۷٫۷٪ در مقایسه با ۱۳۰ آگهی کامل). لگاریتم قیمت محلات کم‌آگهی به میانگین منطقه منقبض شد.
A4: ۲) اجاره: ۲۶٬۹۰۰ آگهی اجاره دیوار (۱۸٬۶۸۲ معتبر)؛ رهن کامل معادل = ودیعه + اجاره ماهانه ÷ ۰٫۰۳. برای محلات بدون آگهی اجاره، از نسبت میانه قیمت به رهن کامل در شهر (≈ ۱۰٫۲ برابر؛ همبستگی لگاریتمی ۰٫۹۸) استفاده شد.
A5: ۳) درآمد خانوار ساکن: درآمد متوسط خانوار شهری استان تهران (مرکز آمار، ۱۴۰۴) × ضریب نسبی محله. ضریب نسبی = (قیمت هر متر)^e × بُعد خانوار منطقه، نرمال‌شده تا میانگین وزنی خانوارها = ۱. کشش e = 1.035 با برازش بر نسبت هزینه سرانه مناطق ۱ و ۳ (≈ دو برابر شهر) و ۱۶ (≈ نصف شهر) در طرح هزینه و درآمد ۱۳۸۷ کالیبره شد.
A6: ۴) نتیجه مهم: چون درآمد ساکنان تقریباً متناسب با قیمت مسکن محله‌شان است (e ≈ ۱)، PIR ساکنان بین محلات تفاوت کمی دارد؛ تفاوت اصلی در «استطاعت برای خانوار متوسط تهران» و «سهم خانوارهای تهران که توان خرید/اجاره دارند» دیده می‌شود.
A7: ۵) سهم خانوارهای قادر: توزیع درآمد خانوارهای تهران لگ‌نرمال با ضریب جینی ۰٫۴۰۲۱ فرض شد. سهم خانوارهایی که درآمدشان ≥ (اجاره سالانه ÷ ۳۰٪) یا ≥ (قیمت واحد ÷ ۵) است محاسبه شد.
A8: ۶) سطح استطاعت خرید: معیار دموگرافیا (PIR ≤۳ قابل استطاعت؛ ۳ تا ۴ نسبتاً غیرقابل؛ ۴ تا ۵ جدی؛ ۵ تا ۹ شدید؛ >۹ بسیار شدید). سطح اجاره: ≤۳۰٪ درآمد قابل استطاعت؛ ۳۰ تا ۵۰٪ زیر فشار؛ >۵۰٪ فشار شدید.
A9: ۷) شاخص ترکیبی = ۵۰ × min(1, 3/PIR) + ۵۰ × min(1, 30٪/سهم اجاره)؛ ۱۰۰ یعنی هم خرید و هم اجاره در آستانه استطاعت.
A10: ۸) اصلاح داده: در این نسخه تطبیق چند محله هم‌نام اصلاح شد (اقدسیه و استخر منطقه ۲۰، شمس‌آباد منطقه ۱۸، اسلام‌آباد-والفجر منطقه ۱۵، ابوذر مناطق ۱۴ و ۱۷).
A11: محدودیت‌ها: قیمت‌ها درخواستی‌اند نه معامله‌شده؛ درآمد محله برآوردی است (آمار رسمی درآمد به تفکیک محله وجود ندارد)؛ درآمد مرکز آمار شامل درآمدهای غیرپولی (مانند اجاره‌بهای فرضی مسکن ملکی) است؛ منطقه ۲۰ تنها یک محله دارای آگهی دارد.

Sheet منابع
A1: منبع | B1: توضیح / نشانی
A2: قیمت فروش و اجاره | B2: دیوار (api.divar.ir) — آگهی‌های فروش و اجاره آپارتمان شهر تهران، ۳۱۱ محله، مهر ۱۴۰۵
A3: درآمد خانوار ۱۴۰۴ | B3: مرکز آمار ایران، طرح هزینه و درآمد خانوار ۱۴۰۴؛ تهران ≈ ۷۲۱ میلیون تومان در سال — https://ecoiran.com/بخش-اقتصاد-کلان-186/154485
A4: ضریب جینی ۱۴۰۴ | B4: استان تهران (شهری) ۰٫۴۰۲۱ — https://tejaratnews.com (تهران بالاترین ضریب جینی را دارد)
A5: وام مسکن ۱۴۰۵ | B5: سقف ۲ میلیارد تومان زوجین تهران، سود ۲۲٫۵٪، ۱۲ ساله — https://jamejamonline.ir/fa/news/1566537/
A6: نرخ تبدیل رهن و اجاره | B6: ۲ تا ۳ درصد ماهانه — https://fararu.com/fa/news/739348/
A7: گرادیان درآمد مناطق | B7: طرح هزینه و درآمد ۱۳۸۷ به تفکیک ۲۲ منطقه (پیمان، اخبار اقتصاد و دارایی؛ دنیای اقتصاد ۱۸ خرداد ۱۳۸۹) — https://donya-e-eqtesad.com/بخش-خبر-64/609526
A8: جمعیت و خانوار مناطق ۱۳۹۵ | B8: سالنامه آماری شهر تهران ۱۳۹۶، جدول ۲-۱ (مأخذ: مرکز آمار) — نسخه بایگانی‌شده tmicto.tehran.ir
A9: جمعیت محلات | B9: ۳۴۹ محله، داده‌های باز شهرداری تهران به نقل از https://d-learn.ir/tehran-neighborhood-data
A10: معیار طبقه‌بندی | B10: Demographia International Housing Affordability (median multiple)
